{"pos":{"x":-0.07999999821186066,"y":0.1899999976158142,"z":0.0},"currentAnimation":"","index":0}
{"pos":{"x":-0.07999999821186066,"y":0.1899999976158142,"z":0.0},"currentAnimation":"","index":0}
{"pos":{"x":-0.07999999821186066,"y":0.1899999976158142,"z":0.0},"currentAnimation":"","index":0}
{"pos":{"x":-0.07999999821186066,"y":0.1899999976158142,"z":0.0},"currentAnimation":"","index":0}
{"pos":{"x":-0.07999999821186066,"y":0.1899999976158142,"z":0.0},"currentAnimation":"","index":0}
{"pos":{"x":-0.07999999821186066,"y":0.1899999976158142,"z":0.0},"currentAnimation":"","index":0}
{"pos":{"x":-0.07999999821186066,"y":0.1899999976158142,"z":0.0},"currentAnimation":"","index":0}
{"pos":{"x":-0.07999999821186066,"y":0.1899999976158142,"z":0.0},"currentAnimation":"","index":0}
{"pos":{"x":-0.07999999821186066,"y":0.1899999976158142,"z":0.0},"currentAnimation":"","index":0}
{"pos":{"x":-0.07999999821186066,"y":0.1899999976158142,"z":0.0},"currentAnimation":"","index":0}
{"pos":{"x":-0.07999999821186066,"y":0.1899999976158142,"z":0.0},"currentAnimation":"","index":0}
{"pos":{"x":-0.07999999821186066,"y":0.1899999976158142,"z":0.0},"currentAnimation":"","index":0}
{"pos":{"x":-0.07999999821186066,"y":0.1899999976158142,"z":0.0},"currentAnimation":"","index":0}
{"pos":{"x":-0.07999999821186066,"y":0.1899999976158142,"z":0.0},"currentAnimation":"","index":0}
{"pos":{"x":-0.07999999821186066,"y":0.1899999976158142,"z":0.0},"currentAnimation":"","index":0}
{"pos":{"x":-0.07999999821186066,"y":0.1899999976158142,"z":0.0},"currentAnimation":"","index":0}
{"pos":{"x":-0.07999999821186066,"y":0.1899999976158142,"z":0.0},"currentAnimation":"standup","index":0}
{"pos":{"x":-0.07999999821186066,"y":0.1899999976158142,"z":0.0},"currentAnimation":"standup","index":1}
{"pos":{"x":-0.07999999821186066,"y":0.1899999976158142,"z":0.0},"currentAnimation":"standup","index":2}
{"pos":{"x":-0.07999999821186066,"y":0.1899999976158142,"z":0.0},"currentAnimation":"standup","index":3}
{"pos":{"x":-0.07999999821186066,"y":0.1899999976158142,"z":0.0},"currentAnimation":"standup","index":3}
{"pos":{"x":-0.07999999821186066,"y":0.1899999976158142,"z":0.0},"currentAnimation":"","index":0}
{"pos":{"x":-0.07999999821186066,"y":0.1899999976158142,"z":0.0},"currentAnimation":"","index":0}
{"pos":{"x":-0.07999999821186066,"y":0.1899999976158142,"z":0.0},"currentAnimation":"","index":0}
{"pos":{"x":-0.07999999821186066,"y":0.1899999976158142,"z":0.0},"currentAnimation":"","index":0}
{"pos":{"x":-0.07999999821186066,"y":0.1899999976158142,"z":0.0},"currentAnimation":"","index":0}
{"pos":{"x":-0.07999999821186066,"y":0.1899999976158142,"z":0.0},"currentAnimation":"","index":0}
{"pos":{"x":-0.07999999821186066,"y":0.1899999976158142,"z":0.0},"currentAnimation":"","index":0}
{"pos":{"x":-0.07999999821186066,"y":0.1899999976158142,"z":0.0},"currentAnimation":"","index":0}
{"pos":{"x":-0.07999999821186066,"y":0.1899999976158142,"z":0.0},"currentAnimation":"","index":0}
{"pos":{"x":-0.07999999821186066,"y":0.1899999976158142,"z":0.0},"currentAnimation":"","index":0}
{"pos":{"x":-0.07999999821186066,"y":0.1899999976158142,"z":0.0},"currentAnimation":"","index":0}
{"pos":{"x":-0.07999999821186066,"y":0.1899999976158142,"z":0.0},"currentAnimation":"","index":0}
{"pos":{"x":-0.07999999821186066,"y":0.1899999976158142,"z":0.0},"currentAnimation":"","index":0}
{"pos":{"x":-0.07999999821186066,"y":0.1899999976158142,"z":0.0},"currentAnimation":"","index":0}
{"pos":{"x":-0.07999999821186066,"y":0.1899999976158142,"z":0.0},"currentAnimation":"","index":0}
{"pos":{"x":-0.07999999821186066,"y":0.1899999976158142,"z":0.0},"currentAnimation":"","index":0}
{"pos":{"x":-0.07999999821186066,"y":0.1899999976158142,"z":0.0},"currentAnimation":"","index":0}
{"pos":{"x":-0.07999999821186066,"y":0.1899999976158142,"z":0.0},"currentAnimation":"","index":0}
{"pos":{"x":-0.07999999821186066,"y":0.1899999976158142,"z":0.0},"currentAnimation":"","index":0}
{"pos":{"x":-0.07999999821186066,"y":0.1899999976158142,"z":0.0},"currentAnimation":"","index":0}
{"pos":{"x":-0.07999999821186066,"y":0.1899999976158142,"z":0.0},"currentAnimation":"","index":0}
{"pos":{"x":-0.07999999821186066,"y":0.1899999976158142,"z":0.0},"currentAnimation":"","index":0}
{"pos":{"x":-0.07999999821186066,"y":0.1899999976158142,"z":0.0},"currentAnimation":"","index":0}
{"pos":{"x":-0.07999999821186066,"y":0.1899999976158142,"z":0.0},"currentAnimation":"","index":0}
{"pos":{"x":-0.07999999821186066,"y":0.1899999976158142,"z":0.0},"currentAnimation":"","index":0}
{"pos":{"x":-0.07999999821186066,"y":0.1899999976158142,"z":0.0},"currentAnimation":"","index":0}
{"pos":{"x":-0.07999999821186066,"y":0.1899999976158142,"z":0.0},"currentAnimation":"","index":0}
{"pos":{"x":-0.07999999821186066,"y":0.1899999976158142,"z":0.0},"currentAnimation":"","index":0}
{"pos":{"x":-0.07999999821186066,"y":0.1899999976158142,"z":0.0},"currentAnimation":"","index":0}
{"pos":{"x":-0.07999999821186066,"y":0.1899999976158142,"z":0.0},"currentAnimation":"","index":0}
{"pos":{"x":-0.07999999821186066,"y":0.1899999976158142,"z":0.0},"currentAnimation":"","index":0}
{"pos":{"x":-0.07999999821186066,"y":0.1899999976158142,"z":0.0},"currentAnimation":"","index":0}
{"pos":{"x":-0.07999999821186066,"y":0.1899999976158142,"z":0.0},"currentAnimation":"","index":0}
{"pos":{"x":-0.07999999821186066,"y":0.1899999976158142,"z":0.0},"currentAnimation":"","index":0}
{"pos":{"x":-0.07999999821186066,"y":0.1899999976158142,"z":0.0},"currentAnimation":"","index":0}
{"pos":{"x":-0.07999999821186066,"y":0.1899999976158142,"z":0.0},"currentAnimation":"","index":0}
{"pos":{"x":-0.07999999821186066,"y":0.1899999976158142,"z":0.0},"currentAnimation":"","index":0}
{"pos":{"x":-0.07999999821186066,"y":0.1899999976158142,"z":0.0},"currentAnimation":"","index":0}
{"pos":{"x":-0.07999999821186066,"y":0.1899999976158142,"z":0.0},"currentAnimation":"","index":0}
{"pos":{"x":-0.07999999821186066,"y":0.1899999976158142,"z":0.0},"currentAnimation":"","index":0}
{"pos":{"x":-0.07999999821186066,"y":0.050554998219013217,"z":0.0},"currentAnimation":"walkfront","index":0}
{"pos":{"x":-0.07999999821186066,"y":-0.11677899211645127,"z":0.0},"currentAnimation":"walkfront","index":0}
{"pos":{"x":-0.07999999821186066,"y":-0.28411296010017397,"z":0.0},"currentAnimation":"walkfront","index":1}
{"pos":{"x":-0.07999999821186066,"y":-0.4514470100402832,"z":0.0},"currentAnimation":"walkfront","index":1}
{"pos":{"x":-0.07999999821186066,"y":-0.6187810897827148,"z":0.0},"currentAnimation":"walkfront","index":2}
{"pos":{"x":-0.07999999821186066,"y":-0.7861151695251465,"z":0.0},"currentAnimation":"walkfront","index":2}
{"pos":{"x":-0.07999999821186066,"y":-0.9534492492675781,"z":0.0},"currentAnimation":"walkfront","index":0}
{"pos":{"x":0.0036669988185167314,"y":-1.037116289138794,"z":0.0},"currentAnimation":"walkRight","index":0}
{"pos":{"x":0.17100098729133607,"y":-1.037116289138794,"z":0.0},"currentAnimation":"walkRight","index":0}
{"pos":{"x":0.3383350372314453,"y":-1.037116289138794,"z":0.0},"currentAnimation":"walkRight","index":1}
{"pos":{"x":0.505669116973877,"y":-1.037116289138794,"z":0.0},"currentAnimation":"walkRight","index":1}
{"pos":{"x":0.5893361568450928,"y":-1.037116289138794,"z":0.0},"currentAnimation":"walkRight","index":1}
{"pos":{"x":0.5893361568450928,"y":-1.037116289138794,"z":0.0},"currentAnimation":"walkRight","index":1}
{"pos":{"x":0.4498911201953888,"y":-1.037116289138794,"z":0.0},"currentAnimation":"walkleft","index":0}
{"pos":{"x":0.28255707025527956,"y":-1.037116289138794,"z":0.0},"currentAnimation":"walkleft","index":0}
{"pos":{"x":0.11522306501865387,"y":-1.037116289138794,"z":0.0},"currentAnimation":"walkleft","index":1}
{"pos":{"x":0.08733406662940979,"y":-0.8976712226867676,"z":0.0},"currentAnimation":"walkback","index":0}
{"pos":{"x":0.08733406662940979,"y":-0.7303371429443359,"z":0.0},"currentAnimation":"walkback","index":0}
{"pos":{"x":0.08733406662940979,"y":-0.535114049911499,"z":0.0},