{"pos":{"x":0.0,"y":0.0,"z":0.0},"currentAnimation":"","index":0}
{"pos":{"x":-0.013273884542286396,"y":-0.006435823626816273,"z":0.0},"currentAnimation":"","index":0}
{"pos":{"x":-0.013273884542286396,"y":-0.006435823626816273,"z":0.0},"currentAnimation":"","index":0}
{"pos":{"x":-0.013273884542286396,"y":-0.006435823626816273,"z":0.0},"currentAnimation":"","index":0}
{"pos":{"x":-0.013273884542286396,"y":-0.006435823626816273,"z":0.0},"currentAnimation":"","index":0}
{"pos":{"x":-0.013273884542286396,"y":-0.006435823626816273,"z":0.0},"currentAnimation":"","index":0}
{"pos":{"x":-0.180607870221138,"y":-0.006435823626816273,"z":0.0},"currentAnimation":"walkleft","index":0}
{"pos":{"x":-0.34794193506240847,"y":-0.006435823626816273,"z":0.0},"currentAnimation":"walkleft","index":0}
{"pos":{"x":-0.5152759552001953,"y":-0.006435824558138847,"z":0.0},"currentAnimation":"walkleft","index":1}
{"pos":{"x":-0.6268320083618164,"y":0.04934217408299446,"z":0.0},"currentAnimation":"walkback","index":0}
{"pos":{"x":-0.6268320083618164,"y":0.21667616069316865,"z":0.0},"currentAnimation":"walkback","index":0}
{"pos":{"x":-0.4873869717121124,"y":0.24456515908241273,"z":0.0},"currentAnimation":"walkRight","index":0}
{"pos":{"x":-0.45949795842170718,"y":0.3561211824417114,"z":0.0},"currentAnimation":"walkback","index":0}
{"pos":{"x":-0.3758309781551361,"y":0.43978822231292727,"z":0.0},"currentAnimation":"walkRight","index":0}
{"pos":{"x":-0.2642749547958374,"y":0.4955662488937378,"z":0.0},"currentAnimation":"walkback","index":0}
{"pos":{"x":-0.124829962849617,"y":0.5234552621841431,"z":0.0},"currentAnimation":"walkRight","index":0}
{"pos":{"x":-0.041162967681884769,"y":0.6071223020553589,"z":0.0},"currentAnimation":"walkback","index":0}
{"pos":{"x":0.09828202426433563,"y":0.6350113153457642,"z":0.0},"currentAnimation":"walkRight","index":0}
{"pos":{"x":0.20983801782131196,"y":0.6629003286361694,"z":0.0},"currentAnimation":"walkRight","index":0}
{"pos":{"x":0.23772701621055604,"y":0.8023453950881958,"z":0.0},"currentAnimation":"walkback","index":0}
{"pos":{"x":0.40506109595298769,"y":0.8023453950881958,"z":0.0},"currentAnimation":"walkRight","index":0}
{"pos":{"x":0.40506109595298769,"y":0.9696794748306274,"z":0.0},"currentAnimation":"walkback","index":0}
{"pos":{"x":0.5723950862884522,"y":0.9696794748306274,"z":0.0},"currentAnimation":"walkRight","index":0}
{"pos":{"x":0.5723950862884522,"y":1.1091245412826539,"z":0.0},"currentAnimation":"walkback","index":0}
{"pos":{"x":0.6839511394500732,"y":1.1649025678634644,"z":0.0},"currentAnimation":"walkRight","index":0}
{"pos":{"x":0.8233962059020996,"y":1.1927915811538697,"z":0.0},"currentAnimation":"walkRight","index":0}
{"pos":{"x":0.8233962059020996,"y":1.3601256608963013,"z":0.0},"currentAnimation":"walkback","index":0}
{"pos":{"x":0.9907302260398865,"y":1.3601256608963013,"z":0.0},"currentAnimation":"walkRight","index":0}
{"pos":{"x":0.9907302260398865,"y":1.527459740638733,"z":0.0},"currentAnimation":"walkback","index":0}
{"pos":{"x":1.130175232887268,"y":1.5553487539291382,"z":0.0},"currentAnimation":"walkRight","index":0}
{"pos":{"x":1.1859532594680787,"y":1.639015793800354,"z":0.0},"currentAnimation":"walkback","index":0}
{"pos":{"x":1.2417312860488892,"y":1.750571846961975,"z":0.0},"currentAnimation":"walkRight","index":0}
{"pos":{"x":1.436954379081726,"y":1.750571846961975,"z":0.0},"currentAnimation":"walkRight","index":0}
{"pos":{"x":1.4648433923721314,"y":1.750571846961975,"z":0.0},"currentAnimation":"walkRight","index":0}
{"pos":{"x":1.4927324056625367,"y":1.8621279001235963,"z":0.0},"currentAnimation":"walkRight","index":0}
{"pos":{"x":1.6320216655731202,"y":1.8621279001235963,"z":0.0},"currentAnimation":"walkRight","index":0}
{"pos":{"x":1.6317636966705323,"y":1.8621279001235963,"z":0.0},"currentAnimation":"walkRight","index":0}
{"pos":{"x":1.6317460536956788,"y":1.8621279001235963,"z":0.0},"currentAnimation":"walkRight","index":1}
{"pos":{"x":1.6317448616027833,"y":1.8621279001235963,"z":0.0},"currentAnimation":"walkRight","index":1}
{"pos":{"x":1.6317448616027833,"y":1.6947938203811646,"z":0.0},"currentAnimation":"walkfront","index":0}
{"pos":{"x":1.6317448616027833,"y":1.527459740638733,"z":0.0},"currentAnimation":"walkfront","index":0}
{"pos":{"x":1.6317448616027833,"y":1.3601256608963013,"z":0.0},"currentAnimation":"walkfront","index":1}
{"pos":{"x":1.6317448616027833,"y":1.1927915811538697,"z":0.0},"currentAnimation":"walkfront","index":1}
{"pos":{"x":1.6317448616027833,"y":1.025457501411438,"z":0.0},"currentAnimation":"walkfront","index":2}
{"pos":{"x":1.6317448616027833,"y":0.8581234216690064,"z":0.0},"currentAnimation":"walkfront","index":2}
{"pos":{"x":1.6317448616027833,"y":0.6907893419265747,"z":0.0},"currentAnimation":"walkfront","index":0}
{"pos":{"x":1.6317448616027833,"y":0.5234552621841431,"z":0.0},"currentAnimation":"walkfront","index":0}
{"pos":{"x":1.6317448616027833,"y":0.3561211824417114,"z":0.0},"currentAnimation":"walkfront","index":0}
{"pos":{"x":1.6317448616027833,"y":0.18878713250160218,"z":0.0},"currentAnimation":"walkfront","index":1}
{"pos":{"x":1.6317448616027833,"y":0.021453145891427995,"z":0.0},"currentAnimation":"walkfront","index":1}
{"pos":{"x":1.6317448616027833,"y":-0.1458808332681656,"z":0.0},"currentAnimation":"walkfront","index":2}
{"pos":{"x":1.6317448616027833,"y":-0.31321486830711367,"z":0.0},"currentAnimation":"walkfront","index":2}
{"pos":{"x":1.4644107818603516,"y":-0.31321486830711367,"z":0.0},"currentAnimation":"walkleft","index":0}
{"pos":{"x":1.29707670211792,"y":-0.31321486830711367,"z":0.0},"currentAnimation":"walkleft","index":0}
{"pos":{"x":1.1297426223754883,"y":-0.31321486830711367,"z":0.0},"currentAnimation":"walkleft","index":1}
{"pos":{"x":0.9624085426330566,"y":-0.31321486830711367,"z":0.0},"currentAnimation":"walkleft","index":1}
{"pos":{"x":0.795074462890625,"y":-0.31321486830711367,"z":0.0},"currentAnimation":"walkleft","index":2}
{"pos":{"x":0.6277403831481934,"y":-0.31321486830711367,"z":0.0},"currentAnimation":"walkleft","index":2}
{"pos":{"x":0.4604063034057617,"y":-0.31321486830711367,"z":0.0},"currentAnimation":"walkleft","index":0}
{"pos":{"x":0.3488502502441406,"y":-0.2574368715286255,"z":0.0},"currentAnimation":"walkback","index":0}
{"pos":{"x":0.34578919410705569,"y":-0.1848037838935852,"z":0.0},"currentAnimation":"walkback","index":0}
{"pos":{"x":0.3457145094871521,"y":-0.18502777814865113,"z":0.0},"currentAnimation":"walkback","index":1}
{"pos":{"x":0.2341584861278534,"y":-0.1889916956424713,"z":0.0},"currentAnimation":"walkback","index":1}
{"pos":{"x":0.06682449579238892,"y":-0.1889916956424713,"z":0.0},"currentAnimation":"walkleft","index":0}
{"pos":{"x":-0.10050949454307556,"y":-0.1889916956424713,"z":0.0},"currentAnimation":"walkleft","index":0}
{"pos":{"x":-0.23995448648929597,"y":-0.16110269725322724,"z":0.0},"currentAnimation":"walkback","index":0}
{"pos":{"x":-0.23995448648929597,"y":0.006231297273188829,"z":0.0},"currentAnimation":"walkback","index":0}
{"pos":{"x":-0.23995448648929597,"y":0.17356529831886292,"z":0.0},"currentAnimation":"walkback","index":1}
{"pos":{"x":-0.07262049615383148,"y":0.17356529831886292,"z":0.0},"currentAnimation":"walkRight","index":0}
{"pos":{"x":0.03893549367785454,"y":0.22934329509735108,"z":0.0},"currentAnimation":"walkback","index":0}
{"pos":{"x":0.12260249257087708,"y":0.3130103349685669,"z":0.0},"currentAnimation":"walkRight","index":0}
{"pos":{"x":0.28993651270866396,"y":0.3130103349685669,"z":0.0},"currentAnimation":"walkRight","index":0}
{"pos":{"x":0.3178255259990692,"y":0.45245540142059328,"z":0.0},"currentAnimation":"walkback","index":0}
{"pos":{"x":0.3178255259990692,"y":0.6197894811630249,"z":0.0},"currentAnimation":"walkback","index":0}
{"pos":{"x":0.3178255259990692,"y":0.7871235609054565,"z":0.0},"currentAnimation":"walkback","index":1}
{"pos":{"x":0.15049149096012116,"y":0.7871235609054565,"z":0.0},"currentAnimation":"walkleft","index":0}
{"pos":{"x":-0.016842499375343324,