{"pos":{"x":0.0,"y":0.0,"z":0.0},"currentAnimation":"","index":0}
{"pos":{"x":-0.013273884542286396,"y":-0.006435823626816273,"z":0.0},"currentAnimation":"","index":0}
{"pos":{"x":-0.013273884542286396,"y":-0.006435823626816273,"z":0.0},"currentAnimation":"","index":0}
{"pos":{"x":-0.013273884542286396,"y":-0.006435823626816273,"z":0.0},"currentAnimation":"","index":0}
{"pos":{"x":-0.013273884542286396,"y":-0.006435823626816273,"z":0.0},"currentAnimation":"","index":0}
{"pos":{"x":-0.013273884542286396,"y":-0.006435823626816273,"z":0.0},"currentAnimation":"","index":0}
{"pos":{"x":-0.013273884542286396,"y":-0.006435823626816273,"z":0.0},"currentAnimation":"","index":0}
{"pos":{"x":-0.013273884542286396,"y":-0.006435823626816273,"z":0.0},"currentAnimation":"","index":0}
{"pos":{"x":-0.013273884542286396,"y":-0.006435823626816273,"z":0.0},"currentAnimation":"","index":0}
{"pos":{"x":-0.013273884542286396,"y":-0.006435823626816273,"z":0.0},"currentAnimation":"","index":0}
{"pos":{"x":-0.013273884542286396,"y":-0.006435823626816273,"z":0.0},"currentAnimation":"","index":0}
{"pos":{"x":-0.013273884542286396,"y":-0.006435823626816273,"z":0.0},"currentAnimation":"","index":0}
{"pos":{"x":-0.013273884542286396,"y":-0.006435823626816273,"z":0.0},"currentAnimation":"","index":0}
{"pos":{"x":-0.013273884542286396,"y":-0.006435823626816273,"z":0.0},"currentAnimation":"","index":0}
{"pos":{"x":-0.013273884542286396,"y":-0.006435823626816273,"z":0.0},"currentAnimation":"","index":0}
{"pos":{"x":-0.013273884542286396,"y":-0.006435823626816273,"z":0.0},"currentAnimation":"","index":0}
{"pos":{"x":-0.013273884542286396,"y":-0.006435823626816273,"z":0.0},"currentAnimation":"","index":0}
{"pos":{"x":-0.013273884542286396,"y":-0.006435823626816273,"z":0.0},"currentAnimation":"","index":0}
{"pos":{"x":-0.013273884542286396,"y":-0.006435823626816273,"z":0.0},"currentAnimation":"","index":0}
{"pos":{"x":-0.15271887183189393,"y":-0.006435823626816273,"z":0.0},"currentAnimation":"walkleft","index":0}
{"pos":{"x":-0.3200529217720032,"y":-0.006435823626816273,"z":0.0},"currentAnimation":"walkleft","index":0}
{"pos":{"x":-0.4873870015144348,"y":-0.006435823626816273,"z":0.0},"currentAnimation":"walkback","index":0}
{"pos":{"x":-0.5989430546760559,"y":0.04934217408299446,"z":0.0},"currentAnimation":"walkback","index":0}
{"pos":{"x":-0.5989430546760559,"y":0.16089816391468049,"z":0.0},"currentAnimation":"walkback","index":0}
{"pos":{"x":-0.5989430546760559,"y":0.16089816391468049,"z":0.0},"currentAnimation":"walkback","index":0}
{"pos":{"x":-0.5989430546760559,"y":0.16089816391468049,"z":0.0},"currentAnimation":"walkback","index":0}
{"pos":{"x":-0.5989430546760559,"y":0.16089816391468049,"z":0.0},"currentAnimation":"walkback","index":0}
{"pos":{"x":-0.5989430546760559,"y":0.16089816391468049,"z":0.0},"currentAnimation":"walkback","index":0}
{"pos":{"x":-0.5989430546760559,"y":0.16089816391468049,"z":0.0},"currentAnimation":"walkback","index":0}
{"pos":{"x":-0.5989430546760559,"y":0.16089816391468049,"z":0.0},"currentAnimation":"walkback","index":0}
{"pos":{"x":-0.5989430546760559,"y":0.16089816391468049,"z":0.0},"currentAnimation":"walkback","index":0}
{"pos":{"x":-0.5989430546760559,"y":0.16089816391468049,"z":0.0},"currentAnimation":"walkback","index":0}
{"pos":{"x":-0.5989430546760559,"y":0.16089816391468049,"z":0.0},"currentAnimation":"walkback","index":0}
{"pos":{"x":-0.5989430546760559,"y":0.16089816391468049,"z":0.0},"currentAnimation":"walkback","index":0}
{"pos":{"x":-0.5989430546760559,"y":0.16089816391468049,"z":0.0},"currentAnimation":"walkback","index":0}
{"pos":{"x":-0.5989430546760559,"y":0.16089816391468049,"z":0.0},"currentAnimation":"walkback","index":0}
{"pos":{"x":-0.5989430546760559,"y":0.16089816391468049,"z":0.0},"currentAnimation":"walkback","index":0}
{"pos":{"x":-0.5989430546760559,"y":0.16089816391468049,"z":0.0},"currentAnimation":"walkback","index":0}
{"pos":{"x":-0.5989430546760559,"y":0.16089816391468049,"z":0.0},"currentAnimation":"walkback","index":0}
{"pos":{"x":-0.5989430546760559,"y":0.16089816391468049,"z":0.0},"currentAnimation":"walkback","index":0}
{"pos":{"x":-0.5989430546760559,"y":0.16089816391468049,"z":0.0},"currentAnimation":"walkback","index":0}
{"pos":{"x":-0.5989430546760559,"y":0.16089816391468049,"z":0.0},"currentAnimation":"walkback","index":0}
{"pos":{"x":-0.5989430546760559,"y":0.16089816391468049,"z":0.0},"currentAnimation":"walkback","index":0}
{"pos":{"x":-0.5989430546760559,"y":0.16089816391468049,"z":0.0},"currentAnimation":"walkback","index":0}
{"pos":{"x":-0.5989430546760559,"y":0.16089816391468049,"z":0.0},"currentAnimation":"walkback","index":0}
{"pos":{"x":-0.5989430546760559,"y":0.16089816391468049,"z":0.0},"currentAnimation":"walkback","index":0}
{"pos":{"x":-0.5989430546760559,"y":0.16089816391468049,"z":0.0},"currentAnimation":"walkback","index":0}
{"pos":{"x":-0.45949801802635195,"y":0.16089816391468049,"z":0.0},"currentAnimation":"walkRight","index":0}
{"pos":{"x":-0.32005295157432558,"y":0.1330091655254364,"z":0.0},"currentAnimation":"walkfront","index":0}
{"pos":{"x":-0.32005295157432558,"y":-0.034324828535318378,"z":0.0},"currentAnimation":"walkfront","index":0}
{"pos":{"x":-0.45949798822402956,"y":-0.062213826924562457,"z":0.0},"currentAnimation":"walkleft","index":0}
{"pos":{"x":-0.4037199914455414,"y":-0.062213823199272159,"z":0.0},"currentAnimation":"walkRight","index":0}
{"pos":{"x":-0.2921639382839203,"y":-0.006435825955122709,"z":0.0},"currentAnimation":"walkback","index":0}
{"pos":{"x":-0.2921639382839203,"y":0.16089816391468049,"z":0.0},"currentAnimation":"walkback","index":0}
{"pos":{"x":-0.20849695801734925,"y":0.24456515908241273,"z":0.0},"currentAnimation":"walkRight","index":0}
{"pos":{"x":-0.041162967681884769,"y":0.24456515908241273,"z":0.0},"currentAnimation":"walkRight","index":0}
{"pos":{"x":-0.15271896123886109,"y":0.24456515908241273,"z":0.0},"currentAnimation":"walkback","index":0}
{"pos":{"x":-0.09694096446037293,"y":0.24456515908241273,"z":0.0},"currentAnimation":"walkRight","index":0}
{"pos":{"x":-0.013273969292640686,"y":0.24456515908241273,"z":0.0},"currentAnimation":"walkleft","index":0}
{"pos":{"x":-0.18060795962810517,"y":0.24456515908241273,"z":0.0},"currentAnimation":"walkback","index":0}
{"pos":{"x":-0.013273969292640686,"y":0.24456515908241273,"z":0.0},"currentAnimation":"walkRight","index":0}
{"pos":{"x":-0.013273973017930985,"y":0.272454172372818,"z":0.0},"currentAnimation":"walkback","index":0}
{"pos":{"x":-0.06905196607112885,"y":0.272454172372818,"z":0.0},"currentAnimation":"walkRight","index":0}
{"pos":{"x":0.09828202426433563,"y":0.272454172372818,"z":0.0},"currentAnimation":"walkRight","index":0}
{"pos":{"x":0.20983801782131196,"y":0.32823216915130618,"z":0.0},"currentAnimation":"walkback","index":0}
{"pos":{"x":0.2656160295009613,"y":0.43978822231292727,"z":0.0},"currentAnimation":"walkRight","index":0}
{"pos":{"x":0.43295010924339297,"y":0.43978822231292727,"z":0.0},"currentAnimation":"walkRight","index":0}
{"pos":{"x":0.43295010924339297,"y":0.6071223020553589,"z":0.0},"currentAnimation":"walkback","index":0}
{"pos":{"x":0.5166170597076416,"y":0.6629003286361694,"z":0.0},"currentAnimation":"walkRight","index":0}
{"pos":{"x":0.6002840995788574,"y":0.7465673685073853,"z":0.0},"currentAnimation":"walkback","index":0}
{"pos":{"x":0.656062126159668,"y":0.8581234216690064,"z":0.0},"currentAnimation":"walkRight","index":0}
{"pos":{"x":0.7397291660308838,"y":0.9417904615402222,"z":0.0},"currentAnimation":"walkback","index":0}
{"pos":{"x":0.7955071926116943,"y":1.0533465147018433,"z":0.0},"currentAnimation":"walkRight","index":0}
{"pos":{"x":0.9070632457733154,"y":1.1091245412826539,"z":0.0},"currentAnimation":"walkback","index":0}
{"pos":{"x":0.9349522590637207,"y":1.1649025678634644,"z":0.0},"currentAnimation":"walkRight","index":0}
{"pos":{"x":1.1022863388061524,"y":1.1649025678634644,"z":0.0},"currentAnimation":"walkRight","index":0}
{"pos":{"x":1.1301753520965577,