{"pos":{"x":0.0,"y":0.0,"z":0.0},"currentAnimation":"","index":0}
{"pos":{"x":-0.013273884542286396,"y":-0.006435823626816273,"z":0.0},"currentAnimation":"","index":0}
{"pos":{"x":-0.013273884542286396,"y":-0.006435823626816273,"z":0.0},"currentAnimation":"","index":0}
{"pos":{"x":-0.013273884542286396,"y":-0.006435823626816273,"z":0.0},"currentAnimation":"","index":0}
{"pos":{"x":-0.013273884542286396,"y":-0.006435823626816273,"z":0.0},"currentAnimation":"","index":0}
{"pos":{"x":-0.013273884542286396,"y":-0.006435823626816273,"z":0.0},"currentAnimation":"","index":0}
{"pos":{"x":-0.013273884542286396,"y":-0.006435823626816273,"z":0.0},"currentAnimation":"","index":0}
{"pos":{"x":-0.013273884542286396,"y":-0.006435823626816273,"z":0.0},"currentAnimation":"","index":0}
{"pos":{"x":-0.013273884542286396,"y":-0.006435823626816273,"z":0.0},"currentAnimation":"","index":0}
{"pos":{"x":-0.013273884542286396,"y":-0.006435823626816273,"z":0.0},"currentAnimation":"","index":0}
{"pos":{"x":-0.013273884542286396,"y":-0.006435823626816273,"z":0.0},"currentAnimation":"","index":0}
{"pos":{"x":-0.013273884542286396,"y":-0.006435823626816273,"z":0.0},"currentAnimation":"","index":0}
{"pos":{"x":-0.013273884542286396,"y":-0.006435823626816273,"z":0.0},"currentAnimation":"","index":0}
{"pos":{"x":-0.013273884542286396,"y":-0.006435823626816273,"z":0.0},"currentAnimation":"","index":0}
{"pos":{"x":-0.013273884542286396,"y":-0.006435823626816273,"z":0.0},"currentAnimation":"","index":0}
{"pos":{"x":-0.12482987344264984,"y":-0.006435823626816273,"z":0.0},"currentAnimation":"walkleft","index":0}
{"pos":{"x":-0.2921639084815979,"y":-0.006435823626816273,"z":0.0},"currentAnimation":"walkleft","index":0}
{"pos":{"x":-0.45949795842170718,"y":-0.006435824558138847,"z":0.0},"currentAnimation":"walkleft","index":1}
{"pos":{"x":-0.6268320083618164,"y":-0.006435824558138847,"z":0.0},"currentAnimation":"walkleft","index":1}
{"pos":{"x":-0.794166088104248,"y":-0.006435824558138847,"z":0.0},"currentAnimation":"walkleft","index":2}
{"pos":{"x":-0.9615001678466797,"y":-0.006435822695493698,"z":0.0},"currentAnimation":"walkleft","index":2}
{"pos":{"x":-0.8220551013946533,"y":-0.006435823626816273,"z":0.0},"currentAnimation":"walkRight","index":0}
{"pos":{"x":-0.6547210216522217,"y":-0.006435823626816273,"z":0.0},"currentAnimation":"walkRight","index":0}
{"pos":{"x":-0.48738694190979006,"y":-0.006435822695493698,"z":0.0},"currentAnimation":"walkRight","index":1}
{"pos":{"x":-0.45949792861938479,"y":-0.006435823626816273,"z":0.0},"currentAnimation":"walkleft","index":0}
{"pos":{"x":-0.6268320083618164,"y":-0.006435823626816273,"z":0.0},"currentAnimation":"walkleft","index":0}
{"pos":{"x":-0.5152759552001953,"y":-0.006435823626816273,"z":0.0},"currentAnimation":"walkRight","index":0}
{"pos":{"x":-0.4037199318408966,"y":-0.006435823626816273,"z":0.0},"currentAnimation":"walkRight","index":0}
{"pos":{"x":-0.4873870015144348,"y":-0.006435823626816273,"z":0.0},"currentAnimation":"walkleft","index":0}
{"pos":{"x":-0.4873870611190796,"y":-0.006435823626816273,"z":0.0},"currentAnimation":"walkleft","index":0}
{"pos":{"x":-0.5989431142807007,"y":-0.006435823626816273,"z":0.0},"currentAnimation":"walkRight","index":0}
{"pos":{"x":-0.5431651473045349,"y":-0.006435823626816273,"z":0.0},"currentAnimation":"walkleft","index":0}
{"pos":{"x":-0.7104992270469666,"y":-0.006435823626816273,"z":0.0},"currentAnimation":"walkleft","index":0}
{"pos":{"x":-0.5431651473045349,"y":-0.006435823626816273,"z":0.0},"currentAnimation":"walkRight","index":0}
{"pos":{"x":-0.4316091239452362,"y":-0.006435823626816273,"z":0.0},"currentAnimation":"walkleft","index":0}
{"pos":{"x":-0.5989432334899902,"y":-0.006435823626816273,"z":0.0},"currentAnimation":"walkleft","index":0}
{"pos":{"x":-0.7662773132324219,"y":-0.006435823626816273,"z":0.0},"currentAnimation":"walkleft","index":0}
{"pos":{"x":-0.9615004062652588,"y":-0.006435824558138847,"z":0.0},"currentAnimation":"walkleft","index":1}
{"pos":{"x":-0.9336113929748535,"y":-0.006435823626816273,"z":0.0},"currentAnimation":"walkRight","index":0}
{"pos":{"x":-0.7941663265228272,"y":-0.006435823626816273,"z":0.0},"currentAnimation":"walkRight","index":0}
{"pos":{"x":-0.6268322467803955,"y":-0.006435823626816273,"z":0.0},"currentAnimation":"walkRight","index":1}
{"pos":{"x":-0.45949816703796389,"y":-0.006435822695493698,"z":0.0},"currentAnimation":"walkRight","index":1}
{"pos":{"x":-0.2921640872955322,"y":-0.006435822695493698,"z":0.0},"currentAnimation":"walkRight","index":1}
{"pos":{"x":-0.23638606071472169,"y":0.07723117619752884,"z":0.0},"currentAnimation":"walkback","index":0}
{"pos":{"x":-0.23638606071472169,"y":0.24456515908241273,"z":0.0},"currentAnimation":"walkback","index":0}
{"pos":{"x":-0.23638606071472169,"y":0.411899209022522,"z":0.0},"currentAnimation":"walkback","index":1}
{"pos":{"x":-0.18060806393623353,"y":0.46767720580101015,"z":0.0},"currentAnimation":"walkRight","index":0}
{"pos":{"x":-0.013274073600769043,"y":0.46767720580101015,"z":0.0},"currentAnimation":"walkRight","index":0}
{"pos":{"x":0.15405991673469544,"y":0.46767720580101015,"z":0.0},"currentAnimation":"walkRight","index":1}
{"pos":{"x":0.3213939666748047,"y":0.46767717599868777,"z":0.0},"currentAnimation":"walkRight","index":1}
{"pos":{"x":0.48872804641723635,"y":0.46767717599868777,"z":0.0},"currentAnimation":"walkRight","index":1}
{"pos":{"x":0.656062126159668,"y":0.46767717599868777,"z":0.0},"currentAnimation":"walkRight","index":2}
{"pos":{"x":0.8233962059020996,"y":0.46767717599868777,"z":0.0},"currentAnimation":"walkRight","index":2}
{"pos":{"x":1.0186192989349366,"y":0.46767717599868777,"z":0.0},"currentAnimation":"walkRight","index":0}
{"pos":{"x":1.1859533786773682,"y":0.46767717599868777,"z":0.0},"currentAnimation":"walkRight","index":0}
{"pos":{"x":1.3532874584197999,"y":0.46767717599868777,"z":0.0},"currentAnimation":"walkRight","index":1}
{"pos":{"x":1.5206215381622315,"y":0.46767717599868777,"z":0.0},"currentAnimation":"walkRight","index":1}
{"pos":{"x":1.5485105514526368,"y":0.3282321095466614,"z":0.0},"currentAnimation":"walkfront","index":0}
{"pos":{"x":1.5485105514526368,"y":0.16089805960655213,"z":0.0},"currentAnimation":"walkfront","index":0}
{"pos":{"x":1.5485105514526368,"y":-0.006435934454202652,"z":0.0},"currentAnimation":"walkfront","index":1}
{"pos":{"x":1.5485105514526368,"y":-0.14588092267513276,"z":0.0},"currentAnimation":"walkfront","index":1}
{"pos":{"x":1.4369544982910157,"y":-0.2016589194536209,"z":0.0},"currentAnimation":"walkleft","index":0}
{"pos":{"x":1.269620418548584,"y":-0.2016589194536209,"z":0.0},"currentAnimation":"walkleft","index":0}
{"pos":{"x":1.1022863388061524,"y":-0.2016589194536209,"z":0.0},"currentAnimation":"walkleft","index":1}
{"pos":{"x":0.9349522590637207,"y":-0.2016589194536209,"z":0.0},"currentAnimation":"walkleft","index":1}
{"pos":{"x":0.7676181793212891,"y":-0.2016589194536209,"z":0.0},"currentAnimation":"walkleft","index":2}
{"pos":{"x":0.7676181793212891,"y":-0.2016589194536209,"z":0.0},"currentAnimation":"walkleft","index":2}
{"pos":{"x":0.7676181793212891,"y":-0.2016589194536209,"z":0.0},"currentAnimation":"walkleft","index":2}
{"pos":{"x":0.7676181793212891,"y":-0.2016589194536209,"z":0.0},"currentAnimation":"walkleft","index":2}
{"pos":{"x":0.7676181793212891,"y":-0.2016589194536209,"z":0.0},"currentAnimation":"walkleft","index":2}
{"pos":{"x":0.7676181793212891,"y":-0.2016589194536209,"z":0.0},"currentAnimation":"walkleft","index":2}
{"pos":{"x":0.7676181793212891,"y":-0.2016589194536209,"z":0.0},"currentAnimation":"walkleft","index":2}
{"pos":{"x":0.7676181793212891,"y":-0.2016589194536209,"z":0.0},"currentAnimation":"backichy","index":0}
{"pos":{"x":0.7676181793212891,"y":-0.2016589194536209,"z":0.0},"currentAnimation":"backichy","index":0}
{"pos":{"x":0.7676181793212891,"y":-0.2016589194536209,"z":0.0},"currentAnimation":"backichy","index":1}
{"pos":{"x":0.7676181793212891,"y":-0.2016589194536209,"z":0.0},