{"pos":{"x":-0.07999999821186066,"y":0.1899999976158142,"z":0.0},"currentAnimation":"","index":0}
{"pos":{"x":-0.07999999821186066,"y":0.1899999976158142,"z":0.0},"currentAnimation":"","index":0}
{"pos":{"x":-0.07999999821186066,"y":0.1899999976158142,"z":0.0},"currentAnimation":"","index":0}
{"pos":{"x":-0.07999999821186066,"y":0.1899999976158142,"z":0.0},"currentAnimation":"","index":0}
{"pos":{"x":-0.07999999821186066,"y":0.1899999976158142,"z":0.0},"currentAnimation":"","index":0}
{"pos":{"x":-0.07999999821186066,"y":0.1899999976158142,"z":0.0},"currentAnimation":"","index":0}
{"pos":{"x":-0.07999999821186066,"y":0.1899999976158142,"z":0.0},"currentAnimation":"","index":0}
{"pos":{"x":-0.07999999821186066,"y":0.1899999976158142,"z":0.0},"currentAnimation":"","index":0}
{"pos":{"x":-0.07999999821186066,"y":0.1899999976158142,"z":0.0},"currentAnimation":"","index":0}
{"pos":{"x":-0.07999999821186066,"y":0.1899999976158142,"z":0.0},"currentAnimation":"","index":0}
{"pos":{"x":-0.07999999821186066,"y":0.1899999976158142,"z":0.0},"currentAnimation":"","index":0}
{"pos":{"x":-0.07999999821186066,"y":0.1899999976158142,"z":0.0},"currentAnimation":"","index":0}
{"pos":{"x":-0.07999999821186066,"y":0.1899999976158142,"z":0.0},"currentAnimation":"","index":0}
{"pos":{"x":-0.07999999821186066,"y":0.1899999976158142,"z":0.0},"currentAnimation":"","index":0}
{"pos":{"x":-0.07999999821186066,"y":0.1899999976158142,"z":0.0},"currentAnimation":"","index":0}
{"pos":{"x":-0.07999999821186066,"y":0.1899999976158142,"z":0.0},"currentAnimation":"","index":0}
{"pos":{"x":-0.07999999821186066,"y":0.1899999976158142,"z":0.0},"currentAnimation":"standup","index":0}
{"pos":{"x":-0.07999999821186066,"y":0.1899999976158142,"z":0.0},"currentAnimation":"standup","index":1}
{"pos":{"x":-0.07999999821186066,"y":0.1899999976158142,"z":0.0},"currentAnimation":"standup","index":2}
{"pos":{"x":-0.07999999821186066,"y":0.1899999976158142,"z":0.0},"currentAnimation":"standup","index":3}
{"pos":{"x":-0.07999999821186066,"y":0.1899999976158142,"z":0.0},"currentAnimation":"standup","index":3}
{"pos":{"x":-0.07999999821186066,"y":0.1899999976158142,"z":0.0},"currentAnimation":"","index":0}
{"pos":{"x":-0.07999999821186066,"y":0.1899999976158142,"z":0.0},"currentAnimation":"","index":0}
{"pos":{"x":-0.07999999821186066,"y":0.1899999976158142,"z":0.0},"currentAnimation":"","index":0}
{"pos":{"x":-0.07999999821186066,"y":0.1899999976158142,"z":0.0},"currentAnimation":"","index":0}
{"pos":{"x":-0.07999999821186066,"y":0.1899999976158142,"z":0.0},"currentAnimation":"","index":0}
{"pos":{"x":-0.07999999821186066,"y":0.1899999976158142,"z":0.0},"currentAnimation":"","index":0}
{"pos":{"x":-0.07999999821186066,"y":0.1899999976158142,"z":0.0},"currentAnimation":"","index":0}
{"pos":{"x":-0.07999999821186066,"y":0.1899999976158142,"z":0.0},"currentAnimation":"","index":0}
{"pos":{"x":-0.07999999821186066,"y":0.1899999976158142,"z":0.0},"currentAnimation":"","index":0}
{"pos":{"x":-0.07999999821186066,"y":0.1899999976158142,"z":0.0},"currentAnimation":"","index":0}
{"pos":{"x":-0.07999999821186066,"y":0.1899999976158142,"z":0.0},"currentAnimation":"","index":0}
{"pos":{"x":-0.07999999821186066,"y":0.1899999976158142,"z":0.0},"currentAnimation":"","index":0}
{"pos":{"x":-0.07999999821186066,"y":0.1899999976158142,"z":0.0},"currentAnimation":"","index":0}
{"pos":{"x":-0.07999999821186066,"y":0.1899999976158142,"z":0.0},"currentAnimation":"","index":0}
{"pos":{"x":-0.07999999821186066,"y":0.1899999976158142,"z":0.0},"currentAnimation":"","index":0}
{"pos":{"x":-0.07999999821186066,"y":0.1899999976158142,"z":0.0},"currentAnimation":"","index":0}
{"pos":{"x":-0.07999999821186066,"y":0.1899999976158142,"z":0.0},"currentAnimation":"","index":0}
{"pos":{"x":-0.07999999821186066,"y":0.1899999976158142,"z":0.0},"currentAnimation":"","index":0}
{"pos":{"x":-0.07999999821186066,"y":0.1899999976158142,"z":0.0},"currentAnimation":"","index":0}
{"pos":{"x":-0.07999999821186066,"y":0.1899999976158142,"z":0.0},"currentAnimation":"","index":0}
{"pos":{"x":-0.07999999821186066,"y":0.1899999976158142,"z":0.0},"currentAnimation":"","index":0}
{"pos":{"x":-0.07999999821186066,"y":0.1899999976158142,"z":0.0},"currentAnimation":"","index":0}
{"pos":{"x":-0.07999999821186066,"y":0.1899999976158142,"z":0.0},"currentAnimation":"","index":0}
{"pos":{"x":-0.07999999821186066,"y":0.1899999976158142,"z":0.0},"currentAnimation":"","index":0}
{"pos":{"x":-0.07999999821186066,"y":0.1899999976158142,"z":0.0},"currentAnimation":"","index":0}
{"pos":{"x":-0.07999999821186066,"y":0.1899999976158142,"z":0.0},"currentAnimation":"","index":0}
{"pos":{"x":-0.07999999821186066,"y":0.1899999976158142,"z":0.0},"currentAnimation":"","index":0}
{"pos":{"x":-0.07999999821186066,"y":0.1899999976158142,"z":0.0},"currentAnimation":"","index":0}
{"pos":{"x":-0.07999999821186066,"y":0.1899999976158142,"z":0.0},"currentAnimation":"","index":0}
{"pos":{"x":-0.07999999821186066,"y":0.1899999976158142,"z":0.0},"currentAnimation":"","index":0}
{"pos":{"x":-0.07999999821186066,"y":0.1899999976158142,"z":0.0},"currentAnimation":"","index":0}
{"pos":{"x":-0.07999999821186066,"y":0.1899999976158142,"z":0.0},"currentAnimation":"","index":0}
{"pos":{"x":-0.07999999821186066,"y":0.1899999976158142,"z":0.0},"currentAnimation":"","index":0}
{"pos":{"x":-0.07999999821186066,"y":0.1899999976158142,"z":0.0},"currentAnimation":"","index":0}
{"pos":{"x":-0.07999999821186066,"y":0.1899999976158142,"z":0.0},"currentAnimation":"","index":0}
{"pos":{"x":-0.07999999821186066,"y":0.1899999976158142,"z":0.0},"currentAnimation":"","index":0}
{"pos":{"x":-0.07999999821186066,"y":0.1899999976158142,"z":0.0},"currentAnimation":"","index":0}
{"pos":{"x":-0.07999999821186066,"y":0.1899999976158142,"z":0.0},"currentAnimation":"","index":0}
{"pos":{"x":-0.07999999821186066,"y":0.1899999976158142,"z":0.0},"currentAnimation":"","index":0}
{"pos":{"x":-0.07999999821186066,"y":0.1899999976158142,"z":0.0},"currentAnimation":"","index":0}
{"pos":{"x":-0.07999999821186066,"y":0.022665999829769136,"z":0.0},"currentAnimation":"walkfront","index":0}
{"pos":{"x":-0.07999999821186066,"y":-0.17255699634552003,"z":0.0},"currentAnimation":"walkfront","index":0}
{"pos":{"x":-0.07999999821186066,"y":-0.3398910164833069,"z":0.0},"currentAnimation":"walkfront","index":1}
{"pos":{"x":-0.07999999821186066,"y":-0.47933608293533327,"z":0.0},"currentAnimation":"walkfront","index":1}
{"pos":{"x":-0.07999999821186066,"y":-0.6466701626777649,"z":0.0},"currentAnimation":"walkfront","index":2}
{"pos":{"x":-0.07999999821186066,"y":-0.8140042424201965,"z":0.0},"currentAnimation":"walkfront","index":2}
{"pos":{"x":-0.07999999821186066,"y":-0.9813383221626282,"z":0.0},"currentAnimation":"walkfront","index":0}
{"pos":{"x":-0.07999999821186066,"y":-1.1486722230911255,"z":0.0},"currentAnimation":"walkfront","index":0}
{"pos":{"x":0.03155599534511566,"y":-1.204450249671936,"z":0.0},"currentAnimation":"walkRight","index":0}
{"pos":{"x":0.19888998568058015,"y":-1.204450249671936,"z":0.0},"currentAnimation":"walkRight","index":0}
{"pos":{"x":0.3662240505218506,"y":-1.204450249671936,"z":0.0},"currentAnimation":"walkRight","index":1}
{"pos":{"x":0.5335581302642822,"y":-1.204450249671936,"z":0.0},"currentAnimation":"walkRight","index":1}
{"pos":{"x":0.7008922100067139,"y":-1.204450249671936,"z":0.0},"currentAnimation":"walkRight","index":2}
{"pos":{"x":0.8682262897491455,"y":-1.204450249671936,"z":0.0},"currentAnimation":"walkRight","index":2}
{"pos":{"x":0.9797823429107666,"y":-1.1486722230911255,"z":0.0},"currentAnimation":"walkback","index":0}
{"pos":{"x":0.9797823429107666,"y":-0.9813381433486939,"z":0.0},"currentAnimation":"walkback","index":0}
{"pos":{"x":0.9797823429107666,"y":-0.8140040636062622,"z":0.0},"currentAnimation":"walkback","index":1}
{"pos":{"x":0.9797823429107666,"y":-0.6466699838638306,"z":0.0},"currentAnimation":"walkback","index":1}
{"pos":{"x":0.9797823429107666,"y":-0.5273748636245728,"z":0.0},