{"pos":{"x":0.0,"y":0.0,"z":0.0},"currentAnimation":"","index":0}
{"pos":{"x":-0.013273884542286396,"y":-0.006435823626816273,"z":0.0},"currentAnimation":"","index":0}
{"pos":{"x":-0.013273884542286396,"y":-0.006435823626816273,"z":0.0},"currentAnimation":"","index":0}
{"pos":{"x":-0.013273884542286396,"y":-0.006435823626816273,"z":0.0},"currentAnimation":"","index":0}
{"pos":{"x":-0.013273884542286396,"y":-0.006435823626816273,"z":0.0},"currentAnimation":"","index":0}
{"pos":{"x":-0.013273884542286396,"y":-0.006435823626816273,"z":0.0},"currentAnimation":"","index":0}
{"pos":{"x":-0.013273884542286396,"y":-0.006435823626816273,"z":0.0},"currentAnimation":"","index":0}
{"pos":{"x":-0.013273884542286396,"y":-0.006435823626816273,"z":0.0},"currentAnimation":"","index":0}
{"pos":{"x":-0.013273884542286396,"y":-0.006435823626816273,"z":0.0},"currentAnimation":"","index":0}
{"pos":{"x":-0.013273884542286396,"y":0.1330091655254364,"z":0.0},"currentAnimation":"walkback","index":0}
{"pos":{"x":-0.013273884542286396,"y":0.2724541425704956,"z":0.0},"currentAnimation":"walkback","index":0}
{"pos":{"x":-0.013273884542286396,"y":0.43978819251060488,"z":0.0},"currentAnimation":"walkback","index":1}
{"pos":{"x":0.07039311528205872,"y":0.5513442158699036,"z":0.0},"currentAnimation":"walkRight","index":0}
{"pos":{"x":0.2377271056175232,"y":0.5513442158699036,"z":0.0},"currentAnimation":"walkRight","index":0}
{"pos":{"x":0.40506115555763247,"y":0.5513442158699036,"z":0.0},"currentAnimation":"walkRight","index":1}
{"pos":{"x":0.5723952054977417,"y":0.5513442158699036,"z":0.0},"currentAnimation":"walkRight","index":1}
{"pos":{"x":0.7397292852401733,"y":0.5513442158699036,"z":0.0},"currentAnimation":"walkRight","index":1}
{"pos":{"x":0.907063364982605,"y":0.5513442158699036,"z":0.0},"currentAnimation":"walkRight","index":2}
{"pos":{"x":1.018619418144226,"y":0.6071222424507141,"z":0.0},"currentAnimation":"walkback","index":0}
{"pos":{"x":1.018619418144226,"y":0.7744563221931458,"z":0.0},"currentAnimation":"walkback","index":0}
{"pos":{"x":1.018619418144226,"y":0.9417904019355774,"z":0.0},"currentAnimation":"walkback","index":0}
{"pos":{"x":1.018619418144226,"y":1.1091245412826539,"z":0.0},"currentAnimation":"walkback","index":1}
{"pos":{"x":0.8791743516921997,"y":1.137013554573059,"z":0.0},"currentAnimation":"walkback","index":1}
{"pos":{"x":0.7118402719497681,"y":1.137013554573059,"z":0.0},"currentAnimation":"walkback","index":2}
{"pos":{"x":0.5445061922073364,"y":1.137013554573059,"z":0.0},"currentAnimation":"walkback","index":2}
{"pos":{"x":0.3771721124649048,"y":1.137013554573059,"z":0.0},"currentAnimation":"walkback","index":0}
{"pos":{"x":0.20983806252479554,"y":1.137013554573059,"z":0.0},"currentAnimation":"walkback","index":0}
{"pos":{"x":0.042504068464040759,"y":1.137013554573059,"z":0.0},"currentAnimation":"walkback","index":1}
{"pos":{"x":-0.12482991814613342,"y":1.137013554573059,"z":0.0},"currentAnimation":"walkback","index":1}
{"pos":{"x":-0.2642748951911926,"y":1.1649025678634644,"z":0.0},"currentAnimation":"walkback","index":1}
{"pos":{"x":-0.2642748951911926,"y":1.332236647605896,"z":0.0},"currentAnimation":"walkback","index":2}
{"pos":{"x":-0.2642748951911926,"y":1.4716817140579224,"z":0.0},"currentAnimation":"walkback","index":2}
{"pos":{"x":-0.2921639084815979,"y":1.6111267805099488,"z":0.0},"currentAnimation":"walkback","index":0}
{"pos":{"x":-0.45949798822402956,"y":1.6111267805099488,"z":0.0},"currentAnimation":"walkback","index":0}
{"pos":{"x":-0.6268320679664612,"y":1.6111267805099488,"z":0.0},"currentAnimation":"walkback","index":1}
{"pos":{"x":-0.6268320679664612,"y":1.6947938203811646,"z":0.0},"currentAnimation":"walkback","index":1}
{"pos":{"x":-0.6268320679664612,"y":1.6947938203811646,"z":0.0},"currentAnimation":"walkback","index":1}
{"pos":{"x":-0.6268320679664612,"y":1.6669048070907593,"z":0.0},"currentAnimation":"walkfront","index":0}
{"pos":{"x":-0.6254525780677795,"y":1.4995707273483277,"z":0.0},"currentAnimation":"walkfront","index":0}
{"pos":{"x":-0.6254525780677795,"y":1.332236647605896,"z":0.0},"currentAnimation":"walkfront","index":0}
{"pos":{"x":-0.6254525780677795,"y":1.1649025678634644,"z":0.0},"currentAnimation":"walkfront","index":1}
{"pos":{"x":-0.6254525780677795,"y":0.9696794152259827,"z":0.0},"currentAnimation":"walkfront","index":1}
{"pos":{"x":-0.6254525780677795,"y":0.802345335483551,"z":0.0},"currentAnimation":"walkfront","index":2}
{"pos":{"x":-0.6254525780677795,"y":0.6350112557411194,"z":0.0},"currentAnimation":"walkfront","index":2}
{"pos":{"x":-0.6254525780677795,"y":0.495566189289093,"z":0.0},"currentAnimation":"walkfront","index":0}
{"pos":{"x":-0.6254525780677795,"y":0.495566189289093,"z":0.0},"currentAnimation":"walkfront","index":0}
{"pos":{"x":-0.6254525780677795,"y":0.6350112557411194,"z":0.0},"currentAnimation":"walkback","index":0}
{"pos":{"x":-0.6254525780677795,"y":0.802345335483551,"z":0.0},"currentAnimation":"walkback","index":0}
{"pos":{"x":-0.6254525780677795,"y":0.9696794152259827,"z":0.0},"currentAnimation":"walkback","index":1}
{"pos":{"x":-0.4581185281276703,"y":0.9696794152259827,"z":0.0},"currentAnimation":"walkRight","index":0}
{"pos":{"x":-0.29078444838523867,"y":0.9696794152259827,"z":0.0},"currentAnimation":"walkRight","index":0}
{"pos":{"x":-0.15133947134017945,"y":0.9696794152259827,"z":0.0},"currentAnimation":"walkRight","index":1}
{"pos":{"x":0.015994518995285035,"y":0.9696794152259827,"z":0.0},"currentAnimation":"walkRight","index":1}
{"pos":{"x":0.18332847952842713,"y":0.9696794152259827,"z":0.0},"currentAnimation":"walkRight","index":2}
{"pos":{"x":0.35066255927085879,"y":0.9696794152259827,"z":0.0},"currentAnimation":"walkRight","index":2}
{"pos":{"x":0.35066255927085879,"y":1.137013554573059,"z":0.0},"currentAnimation":"walkback","index":0}
{"pos":{"x":0.35066255927085879,"y":1.3043476343154908,"z":0.0},"currentAnimation":"walkback","index":0}
{"pos":{"x":0.35066255927085879,"y":1.4716817140579224,"z":0.0},"currentAnimation":"walkback","index":1}
{"pos":{"x":0.35066255927085879,"y":1.639015793800354,"z":0.0},"currentAnimation":"walkback","index":1}
{"pos":{"x":0.23910653591156007,"y":1.6947938203811646,"z":0.0},"currentAnimation":"walkback","index":2}
{"pos":{"x":0.07177254557609558,"y":1.6947938203811646,"z":0.0},"currentAnimation":"walkback","index":2}
{"pos":{"x":-0.0955614447593689,"y":1.6947938203811646,"z":0.0},"currentAnimation":"walkback","index":0}
{"pos":{"x":-0.2628954350948334,"y":1.6947938203811646,"z":0.0},"currentAnimation":"walkback","index":0}
{"pos":{"x":-0.4302294850349426,"y":1.6947938203811646,"z":0.0},"currentAnimation":"walkback","index":0}
{"pos":{"x":-0.5975635647773743,"y":1.6947938203811646,"z":0.0},"currentAnimation":"walkback","index":1}
{"pos":{"x":-0.6530573964118958,"y":1.6947938203811646,"z":0.0},"currentAnimation":"walkback","index":1}
{"pos":{"x":-0.653003990650177,"y":1.6947938203811646,"z":0.0},"currentAnimation":"walkback","index":2}
{"pos":{"x":-0.6530003547668457,"y":1.6947938203811646,"z":0.0},"currentAnimation":"walkback","index":2}
{"pos":{"x":-0.6530001759529114,"y":1.6947938203811646,"z":0.0},"currentAnimation":"walkback","index":0}
{"pos":{"x":-0.6530001759529114,"y":1.6947938203811646,"z":0.0},"currentAnimation":"walkback","index":0}
{"pos":{"x":-0.6530001759529114,"y":1.6947938203811646,"z":0.0},"currentAnimation":"walkback","index":1}
{"pos":{"x":-0.6530001759529114,"y":1.7226828336715699,"z":0.0},"currentAnimation":"walkback","index":1}
{"pos":{"x":-0.6530001759529114,"y":1.8621279001235963,"z":0.0},"currentAnimation":"walkback","index":2}
{"pos":{"x":-0.6530001759529114,"y":2.029461622238159,"z":0.0},"currentAnimation":"walkback","index":2}
{"pos":{"x":-0.6530001759529114,"y":2.029461622238159,"z":0.0},"currentAnimation":"walkback","index":2}
{"pos":{"x":-0.6530001759529114,"y":1.9925974607467652,"z":0.0},"currentAnimation":"walkback","index":0}
{"pos":{"x":-0.6530001759529114,"y":1.9912773370742798,"z":0.0},