{"pos":{"x":0.0,"y":0.0,"z":0.0},"currentAnimation":"","index":0}
{"pos":{"x":-0.013273884542286396,"y":-0.006435823626816273,"z":0.0},"currentAnimation":"","index":0}
{"pos":{"x":-0.013273884542286396,"y":-0.006435823626816273,"z":0.0},"currentAnimation":"","index":0}
{"pos":{"x":-0.013273884542286396,"y":-0.006435823626816273,"z":0.0},"currentAnimation":"","index":0}
{"pos":{"x":-0.013273884542286396,"y":-0.006435823626816273,"z":0.0},"currentAnimation":"","index":0}
{"pos":{"x":0.07039311528205872,"y":-0.006435823626816273,"z":0.0},"currentAnimation":"walkRight","index":0}
{"pos":{"x":0.0871865451335907,"y":-0.00599130243062973,"z":0.0},"currentAnimation":"walkRight","index":0}
{"pos":{"x":0.08703139424324036,"y":-0.005984249524772167,"z":0.0},"currentAnimation":"walkRight","index":1}
{"pos":{"x":-0.054158858954906467,"y":0.0037394873797893526,"z":0.0},"currentAnimation":"walkleft","index":0}
{"pos":{"x":-0.19360384345054627,"y":0.0037394873797893526,"z":0.0},"currentAnimation":"walkleft","index":0}
{"pos":{"x":-0.3609378933906555,"y":0.0037394873797893526,"z":0.0},"currentAnimation":"walkleft","index":1}
{"pos":{"x":-0.5282719135284424,"y":0.0037394873797893526,"z":0.0},"currentAnimation":"walkleft","index":1}
{"pos":{"x":-0.4167158901691437,"y":0.0037394873797893526,"z":0.0},"currentAnimation":"walkRight","index":0}
{"pos":{"x":-0.41671591997146609,"y":0.0037394873797893526,"z":0.0},"currentAnimation":"walkleft","index":0}
{"pos":{"x":-0.5282719731330872,"y":0.0037394873797893526,"z":0.0},"currentAnimation":"walkRight","index":0}
{"pos":{"x":-0.3609379231929779,"y":0.0037394873797893526,"z":0.0},"currentAnimation":"walkRight","index":0}
{"pos":{"x":-0.4724940061569214,"y":0.0037394873797893526,"z":0.0},"currentAnimation":"walkRight","index":0}
{"pos":{"x":-0.30515995621681216,"y":0.0037394873797893526,"z":0.0},"currentAnimation":"walkRight","index":0}
{"pos":{"x":-0.13782595098018647,"y":0.0037394873797893526,"z":0.0},"currentAnimation":"walkRight","index":0}
{"pos":{"x":0.029508039355278016,"y":0.0037394873797893526,"z":0.0},"currentAnimation":"walkRight","index":1}
{"pos":{"x":0.05733897536993027,"y":0.08742553740739823,"z":0.0},"currentAnimation":"walkback","index":0}
{"pos":{"x":0.05733897536993027,"y":0.2547595202922821,"z":0.0},"currentAnimation":"walkback","index":0}
{"pos":{"x":0.05733897536993027,"y":0.42209357023239138,"z":0.0},"currentAnimation":"walkback","index":1}
{"pos":{"x":0.1410059779882431,"y":0.5057605504989624,"z":0.0},"currentAnimation":"walkRight","index":0}
{"pos":{"x":0.3083399832248688,"y":0.5057605504989624,"z":0.0},"currentAnimation":"walkRight","index":0}
{"pos":{"x":0.4756740629673004,"y":0.5057605504989624,"z":0.0},"currentAnimation":"walkRight","index":1}
{"pos":{"x":0.6430081129074097,"y":0.5057605504989624,"z":0.0},"currentAnimation":"walkRight","index":1}
{"pos":{"x":0.6987861394882202,"y":0.6173166036605835,"z":0.0},"currentAnimation":"walkback","index":0}
{"pos":{"x":0.6987861394882202,"y":0.7846506834030151,"z":0.0},"currentAnimation":"walkback","index":0}
{"pos":{"x":0.6987861394882202,"y":0.9519847631454468,"z":0.0},"currentAnimation":"walkback","index":1}
{"pos":{"x":0.6987861394882202,"y":0.9519848227500916,"z":0.0},"currentAnimation":"walkfront","index":0}
{"pos":{"x":0.6987861394882202,"y":0.7846507430076599,"z":0.0},"currentAnimation":"walkfront","index":0}
{"pos":{"x":0.6987861394882202,"y":0.9519848227500916,"z":0.0},"currentAnimation":"walkback","index":0}
{"pos":{"x":0.6987861394882202,"y":0.896206796169281,"z":0.0},"currentAnimation":"walkfront","index":0}
{"pos":{"x":0.6987861394882202,"y":0.896206796169281,"z":0.0},"currentAnimation":"walkback","index":0}
{"pos":{"x":0.6987861394882202,"y":0.8404287695884705,"z":0.0},"currentAnimation":"walkfront","index":0}
{"pos":{"x":0.6987861394882202,"y":0.896206796169281,"z":0.0},"currentAnimation":"walkback","index":0}
{"pos":{"x":0.6987861394882202,"y":1.0635409355163575,"z":0.0},"currentAnimation":"walkback","index":0}
{"pos":{"x":0.6987861394882202,"y":1.230875015258789,"z":0.0},"currentAnimation":"walkback","index":1}
{"pos":{"x":0.8382312059402466,"y":1.230875015258789,"z":0.0},"currentAnimation":"walkRight","index":0}
{"pos":{"x":1.0055652856826783,"y":1.230875015258789,"z":0.0},"currentAnimation":"walkRight","index":0}
{"pos":{"x":1.2007883787155152,"y":1.230875015258789,"z":0.0},"currentAnimation":"walkRight","index":1}
{"pos":{"x":1.3402334451675416,"y":1.230875015258789,"z":0.0},"currentAnimation":"walkRight","index":1}
{"pos":{"x":1.5075675249099732,"y":1.230875015258789,"z":0.0},"currentAnimation":"walkRight","index":2}
{"pos":{"x":1.5354565382003785,"y":1.0914299488067628,"z":0.0},"currentAnimation":"walkfront","index":0}
{"pos":{"x":1.5354565382003785,"y":0.9240959286689758,"z":0.0},"currentAnimation":"walkfront","index":0}
{"pos":{"x":1.5354565382003785,"y":0.7567618489265442,"z":0.0},"currentAnimation":"walkfront","index":1}
{"pos":{"x":1.5354565382003785,"y":0.5894277691841126,"z":0.0},"currentAnimation":"walkfront","index":1}
{"pos":{"x":1.5354565382003785,"y":0.4220937192440033,"z":0.0},"currentAnimation":"walkfront","index":2}
{"pos":{"x":1.5354565382003785,"y":0.25475963950157168,"z":0.0},"currentAnimation":"walkfront","index":2}
{"pos":{"x":1.5354565382003785,"y":0.08742565661668778,"z":0.0},"currentAnimation":"walkfront","index":0}
{"pos":{"x":1.5354565382003785,"y":-0.0799083262681961,"z":0.0},"currentAnimation":"walkfront","index":0}
{"pos":{"x":1.5354565382003785,"y":-0.24724231660366059,"z":0.0},"currentAnimation":"walkfront","index":0}
{"pos":{"x":1.5354565382003785,"y":-0.41457632184028628,"z":0.0},"currentAnimation":"walkfront","index":1}
{"pos":{"x":1.5354565382003785,"y":-0.6097994446754456,"z":0.0},"currentAnimation":"walkfront","index":1}
{"pos":{"x":1.4239004850387574,"y":-0.6655774712562561,"z":0.0},"currentAnimation":"walkleft","index":0}
{"pos":{"x":1.2565664052963257,"y":-0.6655774712562561,"z":0.0},"currentAnimation":"walkleft","index":0}
{"pos":{"x":1.1171213388442994,"y":-0.6655774712562561,"z":0.0},"currentAnimation":"walkleft","index":1}
{"pos":{"x":1.0055652856826783,"y":-0.6097994446754456,"z":0.0},"currentAnimation":"walkback","index":0}
{"pos":{"x":1.0055652856826783,"y":-0.41457635164260867,"z":0.0},"currentAnimation":"walkback","index":0}
{"pos":{"x":1.0055652856826783,"y":-0.2472422868013382,"z":0.0},"currentAnimation":"walkback","index":1}
{"pos":{"x":0.8661202192306519,"y":-0.247242271900177,"z":0.0},"currentAnimation":"walkleft","index":0}
{"pos":{"x":0.8661202192306519,"y":-0.247242271900177,"z":0.0},"currentAnimation":"walkleft","index":0}
{"pos":{"x":0.8661202192306519,"y":-0.247242271900177,"z":0.0},"currentAnimation":"walkleft","index":0}
{"pos":{"x":0.8661202192306519,"y":-0.247242271900177,"z":0.0},"currentAnimation":"walkleft","index":0}
{"pos":{"x":0.8661202192306519,"y":-0.247242271900177,"z":0.0},"currentAnimation":"walkleft","index":0}
{"pos":{"x":0.8661202192306519,"y":-0.247242271900177,"z":0.0},"currentAnimation":"walkleft","index":0}
{"pos":{"x":0.8661202192306519,"y":-0.247242271900177,"z":0.0},"currentAnimation":"walkleft","index":0}
{"pos":{"x":0.8661202192306519,"y":-0.247242271900177,"z":0.0},"currentAnimation":"walkleft","index":0}
{"pos":{"x":0.8661202192306519,"y":-0.247242271900177,"z":0.0},"currentAnimation":"walkleft","index":0}
{"pos":{"x":0.8661202192306519,"y":-0.2472422569990158,"z":0.0},"currentAnimation":"backichy","index":0}
{"pos":{"x":0.8661202192306519,"y":-0.2472422569990158,"z":0.0},"currentAnimation":"backichy","index":0}
{"pos":{"x":0.8661202192306519,"y":-0.2472422569990158,"z":0.0},"currentAnimation":"backichy","index":1}
{"pos":{"x":0.8661202192306519,"y":-0.247242271900177,"z":0.0},"currentAnimation":"backichy","index":1}
{"pos":{"x":0.8661202192306519,"y":-0.247242271900177,"z":0.0},"currentAnimation":"backichy","index":1}
{"pos":{"x":0.8661202192306519,"y":-0.2472422569990158,"z":0.0},"currentAnimation":"backichy",