{"pos":{"x":-0.07999999821186066,"y":0.1899999976158142,"z":0.0},"currentAnimation":"","index":0}
{"pos":{"x":-0.07999999821186066,"y":0.1899999976158142,"z":0.0},"currentAnimation":"","index":0}
{"pos":{"x":-0.07999999821186066,"y":0.1899999976158142,"z":0.0},"currentAnimation":"","index":0}
{"pos":{"x":-0.07999999821186066,"y":0.1899999976158142,"z":0.0},"currentAnimation":"","index":0}
{"pos":{"x":-0.07999999821186066,"y":0.1899999976158142,"z":0.0},"currentAnimation":"","index":0}
{"pos":{"x":-0.07999999821186066,"y":0.1899999976158142,"z":0.0},"currentAnimation":"","index":0}
{"pos":{"x":-0.07999999821186066,"y":0.1899999976158142,"z":0.0},"currentAnimation":"","index":0}
{"pos":{"x":-0.07999999821186066,"y":0.1899999976158142,"z":0.0},"currentAnimation":"","index":0}
{"pos":{"x":-0.07999999821186066,"y":0.1899999976158142,"z":0.0},"currentAnimation":"","index":0}
{"pos":{"x":-0.07999999821186066,"y":0.1899999976158142,"z":0.0},"currentAnimation":"","index":0}
{"pos":{"x":-0.07999999821186066,"y":0.1899999976158142,"z":0.0},"currentAnimation":"","index":0}
{"pos":{"x":-0.07999999821186066,"y":0.1899999976158142,"z":0.0},"currentAnimation":"","index":0}
{"pos":{"x":-0.07999999821186066,"y":0.1899999976158142,"z":0.0},"currentAnimation":"","index":0}
{"pos":{"x":-0.07999999821186066,"y":0.1899999976158142,"z":0.0},"currentAnimation":"","index":0}
{"pos":{"x":-0.07999999821186066,"y":0.1899999976158142,"z":0.0},"currentAnimation":"","index":0}
{"pos":{"x":-0.07999999821186066,"y":0.1899999976158142,"z":0.0},"currentAnimation":"","index":0}
{"pos":{"x":-0.07999999821186066,"y":0.1899999976158142,"z":0.0},"currentAnimation":"standup","index":0}
{"pos":{"x":-0.07999999821186066,"y":0.1899999976158142,"z":0.0},"currentAnimation":"standup","index":1}
{"pos":{"x":-0.07999999821186066,"y":0.1899999976158142,"z":0.0},"currentAnimation":"standup","index":2}
{"pos":{"x":-0.07999999821186066,"y":0.1899999976158142,"z":0.0},"currentAnimation":"standup","index":3}
{"pos":{"x":-0.07999999821186066,"y":0.1899999976158142,"z":0.0},"currentAnimation":"standup","index":3}
{"pos":{"x":-0.07999999821186066,"y":0.1899999976158142,"z":0.0},"currentAnimation":"standup","index":4}
{"pos":{"x":-0.07999999821186066,"y":0.1899999976158142,"z":0.0},"currentAnimation":"standup","index":5}
{"pos":{"x":-0.07999999821186066,"y":0.1899999976158142,"z":0.0},"currentAnimation":"standup","index":6}
{"pos":{"x":-0.07999999821186066,"y":0.1899999976158142,"z":0.0},"currentAnimation":"standup","index":6}
{"pos":{"x":-0.07999999821186066,"y":0.1899999976158142,"z":0.0},"currentAnimation":"standup","index":7}
{"pos":{"x":-0.07999999821186066,"y":0.1899999976158142,"z":0.0},"currentAnimation":"standup","index":8}
{"pos":{"x":-0.07999999821186066,"y":0.1899999976158142,"z":0.0},"currentAnimation":"standup","index":9}
{"pos":{"x":-0.07999999821186066,"y":0.1899999976158142,"z":0.0},"currentAnimation":"standup","index":10}
{"pos":{"x":-0.07999999821186066,"y":0.1899999976158142,"z":0.0},"currentAnimation":"standup","index":11}
{"pos":{"x":-0.07999999821186066,"y":0.1899999976158142,"z":0.0},"currentAnimation":"standup","index":11}
{"pos":{"x":-0.07999999821186066,"y":0.1899999976158142,"z":0.0},"currentAnimation":"","index":0}
{"pos":{"x":-0.07999999821186066,"y":0.1899999976158142,"z":0.0},"currentAnimation":"","index":0}
{"pos":{"x":-0.07999999821186066,"y":0.1899999976158142,"z":0.0},"currentAnimation":"","index":0}
{"pos":{"x":-0.07999999821186066,"y":0.1899999976158142,"z":0.0},"currentAnimation":"","index":0}
{"pos":{"x":-0.07999999821186066,"y":0.1899999976158142,"z":0.0},"currentAnimation":"","index":0}
{"pos":{"x":-0.07999999821186066,"y":0.1899999976158142,"z":0.0},"currentAnimation":"","index":0}
{"pos":{"x":-0.07999999821186066,"y":0.1899999976158142,"z":0.0},"currentAnimation":"","index":0}
{"pos":{"x":-0.07999999821186066,"y":0.1899999976158142,"z":0.0},"currentAnimation":"","index":0}
{"pos":{"x":-0.07999999821186066,"y":0.1899999976158142,"z":0.0},"currentAnimation":"","index":0}
{"pos":{"x":-0.07999999821186066,"y":0.1899999976158142,"z":0.0},"currentAnimation":"","index":0}
{"pos":{"x":-0.07999999821186066,"y":0.1899999976158142,"z":0.0},"currentAnimation":"","index":0}
{"pos":{"x":-0.07999999821186066,"y":0.1899999976158142,"z":0.0},"currentAnimation":"","index":0}
{"pos":{"x":-0.07999999821186066,"y":0.1899999976158142,"z":0.0},"currentAnimation":"","index":0}
{"pos":{"x":-0.07999999821186066,"y":0.1899999976158142,"z":0.0},"currentAnimation":"","index":0}
{"pos":{"x":-0.07999999821186066,"y":0.1899999976158142,"z":0.0},"currentAnimation":"","index":0}
{"pos":{"x":-0.07999999821186066,"y":0.1899999976158142,"z":0.0},"currentAnimation":"","index":0}
{"pos":{"x":-0.07999999821186066,"y":0.1899999976158142,"z":0.0},"currentAnimation":"","index":0}
{"pos":{"x":-0.07999999821186066,"y":0.1899999976158142,"z":0.0},"currentAnimation":"","index":0}
{"pos":{"x":-0.07999999821186066,"y":0.1899999976158142,"z":0.0},"currentAnimation":"","index":0}
{"pos":{"x":-0.07999999821186066,"y":0.1899999976158142,"z":0.0},"currentAnimation":"","index":0}
{"pos":{"x":-0.07999999821186066,"y":0.1899999976158142,"z":0.0},"currentAnimation":"","index":0}
{"pos":{"x":-0.07999999821186066,"y":0.1899999976158142,"z":0.0},"currentAnimation":"","index":0}
{"pos":{"x":-0.07999999821186066,"y":0.1899999976158142,"z":0.0},"currentAnimation":"","index":0}
{"pos":{"x":-0.07999999821186066,"y":0.1899999976158142,"z":0.0},"currentAnimation":"","index":0}
{"pos":{"x":-0.07999999821186066,"y":0.1899999976158142,"z":0.0},"currentAnimation":"","index":0}
{"pos":{"x":-0.07999999821186066,"y":0.1899999976158142,"z":0.0},"currentAnimation":"","index":0}
{"pos":{"x":-0.07999999821186066,"y":0.1899999976158142,"z":0.0},"currentAnimation":"","index":0}
{"pos":{"x":-0.07999999821186066,"y":0.1899999976158142,"z":0.0},"currentAnimation":"","index":0}
{"pos":{"x":-0.07999999821186066,"y":0.1899999976158142,"z":0.0},"currentAnimation":"","index":0}
{"pos":{"x":-0.07999999821186066,"y":0.1899999976158142,"z":0.0},"currentAnimation":"","index":0}
{"pos":{"x":-0.07999999821186066,"y":0.050554998219013217,"z":0.0},"currentAnimation":"walkfront","index":0}
{"pos":{"x":-0.07999999821186066,"y":-0.11677899211645127,"z":0.0},"currentAnimation":"walkfront","index":0}
{"pos":{"x":-0.07999999821186066,"y":-0.28411296010017397,"z":0.0},"currentAnimation":"walkfront","index":1}
{"pos":{"x":-0.1636669933795929,"y":-0.39566898345947268,"z":0.0},"currentAnimation":"walkleft","index":0}
{"pos":{"x":-0.33100101351737978,"y":-0.39566898345947268,"z":0.0},"currentAnimation":"walkleft","index":0}
{"pos":{"x":-0.4983350932598114,"y":-0.39566898345947268,"z":0.0},"currentAnimation":"walkleft","index":1}
{"pos":{"x":-0.5541131496429443,"y":-0.39566898345947268,"z":0.0},"currentAnimation":"walkleft","index":1}
{"pos":{"x":-0.5541131496429443,"y":-0.3398909568786621,"z":0.0},"currentAnimation":"walkback","index":0}
{"pos":{"x":-0.5541131496429443,"y":-0.17255693674087525,"z":0.0},"currentAnimation":"walkback","index":0}
{"pos":{"x":-0.5541131496429443,"y":-0.005222939886152744,"z":0.0},"currentAnimation":"walkback","index":1}
{"pos":{"x":-0.5541131496429443,"y":0.1621110588312149,"z":0.0},"currentAnimation":"walkback","index":1}
{"pos":{"x":-0.3867790699005127,"y":0.1621110588312149,"z":0.0},"currentAnimation":"walkRight","index":0}
{"pos":{"x":-0.21944500505924226,"y":0.1621110588312149,"z":0.0},"currentAnimation":"walkRight","index":0}
{"pos":{"x":-0.1636670082807541,"y":0.2736670672893524,"z":0.0},"currentAnimation":"walkback","index":0}
{"pos":{"x":-0.1636670082807541,"y":0.44100111722946169,"z":0.0},"currentAnimation":"walkback","index":0}
{"pos":{"x":-0.13577800989151,"y":0.580446183681488,"z":0.0},"currentAnimation":"walkRight","index":0}
{"pos":{"x":0.03155598044395447,"y":0.580446183681488,"z":0.0},"currentAnimation":"walkRight","index":0}
{"pos":{"x":0.19888997077941895,"y":0.580446183681488,"z":0.0},"currentAnimation":"walkRight",