{"pos":{"x":-0.07999999821186066,"y":0.1899999976158142,"z":0.0},"currentAnimation":"","index":0}
{"pos":{"x":-0.07999999821186066,"y":0.1899999976158142,"z":0.0},"currentAnimation":"","index":0}
{"pos":{"x":-0.07999999821186066,"y":0.1899999976158142,"z":0.0},"currentAnimation":"","index":0}
{"pos":{"x":-0.07999999821186066,"y":0.1899999976158142,"z":0.0},"currentAnimation":"","index":0}
{"pos":{"x":-0.07999999821186066,"y":0.1899999976158142,"z":0.0},"currentAnimation":"","index":0}
{"pos":{"x":-0.07999999821186066,"y":0.1899999976158142,"z":0.0},"currentAnimation":"","index":0}
{"pos":{"x":-0.07999999821186066,"y":0.1899999976158142,"z":0.0},"currentAnimation":"","index":0}
{"pos":{"x":-0.07999999821186066,"y":0.1899999976158142,"z":0.0},"currentAnimation":"","index":0}
{"pos":{"x":-0.07999999821186066,"y":0.1899999976158142,"z":0.0},"currentAnimation":"","index":0}
{"pos":{"x":-0.07999999821186066,"y":0.1899999976158142,"z":0.0},"currentAnimation":"","index":0}
{"pos":{"x":-0.07999999821186066,"y":0.1899999976158142,"z":0.0},"currentAnimation":"","index":0}
{"pos":{"x":-0.07999999821186066,"y":0.1899999976158142,"z":0.0},"currentAnimation":"","index":0}
{"pos":{"x":-0.07999999821186066,"y":0.1899999976158142,"z":0.0},"currentAnimation":"","index":0}
{"pos":{"x":-0.07999999821186066,"y":0.1899999976158142,"z":0.0},"currentAnimation":"","index":0}
{"pos":{"x":-0.07999999821186066,"y":0.1899999976158142,"z":0.0},"currentAnimation":"","index":0}
{"pos":{"x":-0.07999999821186066,"y":0.1899999976158142,"z":0.0},"currentAnimation":"","index":0}
{"pos":{"x":-0.07999999821186066,"y":0.1899999976158142,"z":0.0},"currentAnimation":"standup","index":0}
{"pos":{"x":-0.07999999821186066,"y":0.1899999976158142,"z":0.0},"currentAnimation":"standup","index":1}
{"pos":{"x":-0.07999999821186066,"y":0.1899999976158142,"z":0.0},"currentAnimation":"standup","index":2}
{"pos":{"x":-0.07999999821186066,"y":0.1899999976158142,"z":0.0},"currentAnimation":"standup","index":2}
{"pos":{"x":-0.07999999821186066,"y":0.1899999976158142,"z":0.0},"currentAnimation":"standup","index":3}
{"pos":{"x":-0.07999999821186066,"y":0.1899999976158142,"z":0.0},"currentAnimation":"standup","index":4}
{"pos":{"x":-0.07999999821186066,"y":0.1899999976158142,"z":0.0},"currentAnimation":"standup","index":5}
{"pos":{"x":-0.07999999821186066,"y":0.1899999976158142,"z":0.0},"currentAnimation":"standup","index":6}
{"pos":{"x":-0.07999999821186066,"y":0.1899999976158142,"z":0.0},"currentAnimation":"standup","index":6}
{"pos":{"x":-0.07999999821186066,"y":0.1899999976158142,"z":0.0},"currentAnimation":"standup","index":7}
{"pos":{"x":-0.07999999821186066,"y":0.1899999976158142,"z":0.0},"currentAnimation":"standup","index":8}
{"pos":{"x":-0.07999999821186066,"y":0.1899999976158142,"z":0.0},"currentAnimation":"standup","index":9}
{"pos":{"x":-0.07999999821186066,"y":0.1899999976158142,"z":0.0},"currentAnimation":"standup","index":10}
{"pos":{"x":-0.07999999821186066,"y":0.1899999976158142,"z":0.0},"currentAnimation":"standup","index":11}
{"pos":{"x":-0.07999999821186066,"y":0.1899999976158142,"z":0.0},"currentAnimation":"standup","index":11}
{"pos":{"x":-0.07999999821186066,"y":0.1899999976158142,"z":0.0},"currentAnimation":"","index":0}
{"pos":{"x":-0.07999999821186066,"y":0.1899999976158142,"z":0.0},"currentAnimation":"","index":0}
{"pos":{"x":-0.07999999821186066,"y":0.1899999976158142,"z":0.0},"currentAnimation":"","index":0}
{"pos":{"x":-0.07999999821186066,"y":0.1899999976158142,"z":0.0},"currentAnimation":"","index":0}
{"pos":{"x":-0.07999999821186066,"y":0.1899999976158142,"z":0.0},"currentAnimation":"","index":0}
{"pos":{"x":-0.07999999821186066,"y":0.1899999976158142,"z":0.0},"currentAnimation":"","index":0}
{"pos":{"x":-0.07999999821186066,"y":0.1899999976158142,"z":0.0},"currentAnimation":"","index":0}
{"pos":{"x":-0.07999999821186066,"y":0.1899999976158142,"z":0.0},"currentAnimation":"","index":0}
{"pos":{"x":-0.07999999821186066,"y":0.1899999976158142,"z":0.0},"currentAnimation":"","index":0}
{"pos":{"x":-0.07999999821186066,"y":0.1899999976158142,"z":0.0},"currentAnimation":"","index":0}
{"pos":{"x":-0.07999999821186066,"y":0.1899999976158142,"z":0.0},"currentAnimation":"","index":0}
{"pos":{"x":-0.07999999821186066,"y":0.1899999976158142,"z":0.0},"currentAnimation":"","index":0}
{"pos":{"x":-0.07999999821186066,"y":0.1899999976158142,"z":0.0},"currentAnimation":"","index":0}
{"pos":{"x":-0.07999999821186066,"y":0.1899999976158142,"z":0.0},"currentAnimation":"","index":0}
{"pos":{"x":-0.07999999821186066,"y":0.1899999976158142,"z":0.0},"currentAnimation":"","index":0}
{"pos":{"x":-0.07999999821186066,"y":0.1899999976158142,"z":0.0},"currentAnimation":"","index":0}
{"pos":{"x":-0.07999999821186066,"y":0.1899999976158142,"z":0.0},"currentAnimation":"","index":0}
{"pos":{"x":-0.07999999821186066,"y":0.1899999976158142,"z":0.0},"currentAnimation":"","index":0}
{"pos":{"x":-0.07999999821186066,"y":0.1899999976158142,"z":0.0},"currentAnimation":"","index":0}
{"pos":{"x":-0.07999999821186066,"y":0.1899999976158142,"z":0.0},"currentAnimation":"","index":0}
{"pos":{"x":-0.07999999821186066,"y":0.1899999976158142,"z":0.0},"currentAnimation":"","index":0}
{"pos":{"x":-0.07999999821186066,"y":0.1899999976158142,"z":0.0},"currentAnimation":"","index":0}
{"pos":{"x":-0.07999999821186066,"y":0.1899999976158142,"z":0.0},"currentAnimation":"","index":0}
{"pos":{"x":-0.07999999821186066,"y":0.1899999976158142,"z":0.0},"currentAnimation":"","index":0}
{"pos":{"x":-0.07999999821186066,"y":0.1899999976158142,"z":0.0},"currentAnimation":"","index":0}
{"pos":{"x":-0.07999999821186066,"y":0.1899999976158142,"z":0.0},"currentAnimation":"","index":0}
{"pos":{"x":-0.07999999821186066,"y":0.1899999976158142,"z":0.0},"currentAnimation":"","index":0}
{"pos":{"x":-0.07999999821186066,"y":0.1899999976158142,"z":0.0},"currentAnimation":"","index":0}
{"pos":{"x":-0.07999999821186066,"y":0.1899999976158142,"z":0.0},"currentAnimation":"","index":0}
{"pos":{"x":-0.07999999821186066,"y":0.1899999976158142,"z":0.0},"currentAnimation":"","index":0}
{"pos":{"x":-0.21944499015808106,"y":0.1899999976158142,"z":0.0},"currentAnimation":"walkleft","index":0}
{"pos":{"x":-0.3867790400981903,"y":0.1899999976158142,"z":0.0},"currentAnimation":"walkleft","index":0}
{"pos":{"x":-0.5541131496429443,"y":0.1899999976158142,"z":0.0},"currentAnimation":"walkleft","index":1}
{"pos":{"x":-0.721447229385376,"y":0.1899999976158142,"z":0.0},"currentAnimation":"walkleft","index":1}
{"pos":{"x":-0.8887813091278076,"y":0.1899999976158142,"z":0.0},"currentAnimation":"walkleft","index":2}
{"pos":{"x":-1.0561152696609498,"y":0.1899999976158142,"z":0.0},"currentAnimation":"walkleft","index":2}
{"pos":{"x":-1.0561152696609498,"y":0.022665999829769136,"z":0.0},"currentAnimation":"walkfront","index":0}
{"pos":{"x":-1.0561152696609498,"y":-0.17255696654319764,"z":0.0},"currentAnimation":"walkfront","index":0}
{"pos":{"x":-1.0561152696609498,"y":-0.31200194358825686,"z":0.0},"currentAnimation":"walkfront","index":1}
{"pos":{"x":-1.0561152696609498,"y":-0.5072250366210938,"z":0.0},"currentAnimation":"walkfront","index":1}
{"pos":{"x":-1.0561152696609498,"y":-0.6745591163635254,"z":0.0},"currentAnimation":"walkfront","index":2}
{"pos":{"x":-1.0561152696609498,"y":-0.841893196105957,"z":0.0},"currentAnimation":"walkfront","index":2}
{"pos":{"x":-0.9724482297897339,"y":-0.841893196105957,"z":0.0},"currentAnimation":"walkRight","index":0}
{"pos":{"x":-0.8051141500473023,"y":-0.841893196105957,"z":0.0},"currentAnimation":"walkRight","index":0}
{"pos":{"x":-0.6377800703048706,"y":-0.841893196105957,"z":0.0},"currentAnimation":"walkRight","index":1}
{"pos":{"x":-0.47044599056243899,"y":-0.841893196105957,"z":0.0},"currentAnimation":"walkRight","index":1}
{"pos":{"x":-0.3031119108200073,"y":-0.841893196105957,"z":0.0},"currentAnimation":"walkRight","index":2}
{"pos":{"x":-0.13577790558338166,"y":-0.841893196105957,"z":0.0},"currentAnimation":"walkRight",