{"pos":{"x":-0.07999999821186066,"y":0.1899999976158142,"z":0.0},"currentAnimation":"","index":0}
{"pos":{"x":-0.07999999821186066,"y":0.1899999976158142,"z":0.0},"currentAnimation":"","index":0}
{"pos":{"x":-0.07999999821186066,"y":0.1899999976158142,"z":0.0},"currentAnimation":"","index":0}
{"pos":{"x":-0.07999999821186066,"y":0.1899999976158142,"z":0.0},"currentAnimation":"","index":0}
{"pos":{"x":-0.07999999821186066,"y":0.1899999976158142,"z":0.0},"currentAnimation":"","index":0}
{"pos":{"x":-0.07999999821186066,"y":0.1899999976158142,"z":0.0},"currentAnimation":"","index":0}
{"pos":{"x":-0.07999999821186066,"y":0.1899999976158142,"z":0.0},"currentAnimation":"","index":0}
{"pos":{"x":-0.07999999821186066,"y":0.1899999976158142,"z":0.0},"currentAnimation":"","index":0}
{"pos":{"x":-0.07999999821186066,"y":0.1899999976158142,"z":0.0},"currentAnimation":"","index":0}
{"pos":{"x":-0.07999999821186066,"y":0.1899999976158142,"z":0.0},"currentAnimation":"","index":0}
{"pos":{"x":-0.07999999821186066,"y":0.1899999976158142,"z":0.0},"currentAnimation":"","index":0}
{"pos":{"x":-0.07999999821186066,"y":0.1899999976158142,"z":0.0},"currentAnimation":"","index":0}
{"pos":{"x":-0.07999999821186066,"y":0.1899999976158142,"z":0.0},"currentAnimation":"","index":0}
{"pos":{"x":-0.07999999821186066,"y":0.1899999976158142,"z":0.0},"currentAnimation":"","index":0}
{"pos":{"x":-0.07999999821186066,"y":0.1899999976158142,"z":0.0},"currentAnimation":"","index":0}
{"pos":{"x":-0.07999999821186066,"y":0.1899999976158142,"z":0.0},"currentAnimation":"","index":0}
{"pos":{"x":-0.07999999821186066,"y":0.1899999976158142,"z":0.0},"currentAnimation":"standup","index":0}
{"pos":{"x":-0.07999999821186066,"y":0.1899999976158142,"z":0.0},"currentAnimation":"standup","index":1}
{"pos":{"x":-0.07999999821186066,"y":0.1899999976158142,"z":0.0},"currentAnimation":"standup","index":2}
{"pos":{"x":-0.07999999821186066,"y":0.1899999976158142,"z":0.0},"currentAnimation":"standup","index":3}
{"pos":{"x":-0.07999999821186066,"y":0.1899999976158142,"z":0.0},"currentAnimation":"standup","index":3}
{"pos":{"x":-0.07999999821186066,"y":0.1899999976158142,"z":0.0},"currentAnimation":"standup","index":4}
{"pos":{"x":-0.07999999821186066,"y":0.1899999976158142,"z":0.0},"currentAnimation":"standup","index":5}
{"pos":{"x":-0.07999999821186066,"y":0.1899999976158142,"z":0.0},"currentAnimation":"standup","index":6}
{"pos":{"x":-0.07999999821186066,"y":0.1899999976158142,"z":0.0},"currentAnimation":"standup","index":7}
{"pos":{"x":-0.07999999821186066,"y":0.1899999976158142,"z":0.0},"currentAnimation":"standup","index":7}
{"pos":{"x":-0.07999999821186066,"y":0.1899999976158142,"z":0.0},"currentAnimation":"standup","index":8}
{"pos":{"x":-0.07999999821186066,"y":0.1899999976158142,"z":0.0},"currentAnimation":"standup","index":9}
{"pos":{"x":-0.07999999821186066,"y":0.1899999976158142,"z":0.0},"currentAnimation":"standup","index":10}
{"pos":{"x":-0.07999999821186066,"y":0.1899999976158142,"z":0.0},"currentAnimation":"standup","index":11}
{"pos":{"x":-0.07999999821186066,"y":0.1899999976158142,"z":0.0},"currentAnimation":"standup","index":11}
{"pos":{"x":-0.07999999821186066,"y":0.1899999976158142,"z":0.0},"currentAnimation":"","index":0}
{"pos":{"x":-0.07999999821186066,"y":0.1899999976158142,"z":0.0},"currentAnimation":"","index":0}
{"pos":{"x":-0.07999999821186066,"y":0.1899999976158142,"z":0.0},"currentAnimation":"","index":0}
{"pos":{"x":-0.07999999821186066,"y":0.1899999976158142,"z":0.0},"currentAnimation":"","index":0}
{"pos":{"x":-0.07999999821186066,"y":0.1899999976158142,"z":0.0},"currentAnimation":"","index":0}
{"pos":{"x":-0.07999999821186066,"y":0.1899999976158142,"z":0.0},"currentAnimation":"","index":0}
{"pos":{"x":-0.07999999821186066,"y":0.1899999976158142,"z":0.0},"currentAnimation":"","index":0}
{"pos":{"x":-0.07999999821186066,"y":0.1899999976158142,"z":0.0},"currentAnimation":"","index":0}
{"pos":{"x":-0.07999999821186066,"y":0.1899999976158142,"z":0.0},"currentAnimation":"","index":0}
{"pos":{"x":-0.07999999821186066,"y":0.1899999976158142,"z":0.0},"currentAnimation":"","index":0}
{"pos":{"x":-0.07999999821186066,"y":0.1899999976158142,"z":0.0},"currentAnimation":"","index":0}
{"pos":{"x":-0.07999999821186066,"y":0.1899999976158142,"z":0.0},"currentAnimation":"","index":0}
{"pos":{"x":-0.07999999821186066,"y":0.1899999976158142,"z":0.0},"currentAnimation":"","index":0}
{"pos":{"x":-0.07999999821186066,"y":0.1899999976158142,"z":0.0},"currentAnimation":"","index":0}
{"pos":{"x":-0.07999999821186066,"y":0.1899999976158142,"z":0.0},"currentAnimation":"","index":0}
{"pos":{"x":-0.07999999821186066,"y":0.1899999976158142,"z":0.0},"currentAnimation":"","index":0}
{"pos":{"x":-0.07999999821186066,"y":0.1899999976158142,"z":0.0},"currentAnimation":"","index":0}
{"pos":{"x":-0.07999999821186066,"y":0.1899999976158142,"z":0.0},"currentAnimation":"","index":0}
{"pos":{"x":-0.07999999821186066,"y":0.1899999976158142,"z":0.0},"currentAnimation":"","index":0}
{"pos":{"x":-0.07999999821186066,"y":0.1899999976158142,"z":0.0},"currentAnimation":"","index":0}
{"pos":{"x":-0.07999999821186066,"y":0.1899999976158142,"z":0.0},"currentAnimation":"","index":0}
{"pos":{"x":-0.07999999821186066,"y":0.1899999976158142,"z":0.0},"currentAnimation":"","index":0}
{"pos":{"x":-0.07999999821186066,"y":0.1899999976158142,"z":0.0},"currentAnimation":"","index":0}
{"pos":{"x":-0.07999999821186066,"y":0.1899999976158142,"z":0.0},"currentAnimation":"","index":0}
{"pos":{"x":-0.07999999821186066,"y":0.1899999976158142,"z":0.0},"currentAnimation":"","index":0}
{"pos":{"x":-0.07999999821186066,"y":0.1899999976158142,"z":0.0},"currentAnimation":"","index":0}
{"pos":{"x":-0.07999999821186066,"y":0.1899999976158142,"z":0.0},"currentAnimation":"","index":0}
{"pos":{"x":-0.07999999821186066,"y":0.1899999976158142,"z":0.0},"currentAnimation":"","index":0}
{"pos":{"x":-0.07999999821186066,"y":0.1899999976158142,"z":0.0},"currentAnimation":"","index":0}
{"pos":{"x":-0.07999999821186066,"y":0.1899999976158142,"z":0.0},"currentAnimation":"","index":0}
{"pos":{"x":-0.07999999821186066,"y":0.1899999976158142,"z":0.0},"currentAnimation":"","index":0}
{"pos":{"x":-0.07999999821186066,"y":0.1899999976158142,"z":0.0},"currentAnimation":"","index":0}
{"pos":{"x":-0.07999999821186066,"y":0.1899999976158142,"z":0.0},"currentAnimation":"","index":0}
{"pos":{"x":-0.07999999821186066,"y":0.1899999976158142,"z":0.0},"currentAnimation":"","index":0}
{"pos":{"x":-0.07999999821186066,"y":0.1899999976158142,"z":0.0},"currentAnimation":"","index":0}
{"pos":{"x":-0.07999999821186066,"y":0.1899999976158142,"z":0.0},"currentAnimation":"","index":0}
{"pos":{"x":-0.07999999821186066,"y":0.1899999976158142,"z":0.0},"currentAnimation":"","index":0}
{"pos":{"x":-0.07999999821186066,"y":0.1899999976158142,"z":0.0},"currentAnimation":"","index":0}
{"pos":{"x":-0.07999999821186066,"y":0.1899999976158142,"z":0.0},"currentAnimation":"","index":0}
{"pos":{"x":-0.07999999821186066,"y":0.1899999976158142,"z":0.0},"currentAnimation":"","index":0}
{"pos":{"x":-0.07999999821186066,"y":0.1899999976158142,"z":0.0},"currentAnimation":"","index":0}
{"pos":{"x":-0.07999999821186066,"y":0.1899999976158142,"z":0.0},"currentAnimation":"","index":0}
{"pos":{"x":-0.07999999821186066,"y":0.1899999976158142,"z":0.0},"currentAnimation":"","index":0}
{"pos":{"x":-0.07999999821186066,"y":0.1899999976158142,"z":0.0},"currentAnimation":"","index":0}
{"pos":{"x":-0.07999999821186066,"y":0.1899999976158142,"z":0.0},"currentAnimation":"","index":0}
{"pos":{"x":-0.07999999821186066,"y":0.1899999976158142,"z":0.0},"currentAnimation":"","index":0}
{"pos":{"x":-0.07999999821186066,"y":0.1899999976158142,"z":0.0},"currentAnimation":"","index":0}
{"pos":{"x":-0.07999999821186066,"y":0.1899999976158142,"z":0.0},"currentAnimation":"","index":0}
{"pos":{"x":-0.07999999821186066,"y":0.1899999976158142,"z":0.0},"currentAnimation":"","index":0}
{"pos":{"x":-0.07999999821186066,