{"pos":{"x":0.0,"y":0.0,"z":0.0},"currentAnimation":"","index":0}
{"pos":{"x":-0.013273884542286396,"y":-0.006435823626816273,"z":0.0},"currentAnimation":"","index":0}
{"pos":{"x":-0.013273884542286396,"y":-0.006435823626816273,"z":0.0},"currentAnimation":"","index":0}
{"pos":{"x":-0.15271887183189393,"y":-0.006435823626816273,"z":0.0},"currentAnimation":"walkleft","index":0}
{"pos":{"x":-0.3200529217720032,"y":-0.006435823626816273,"z":0.0},"currentAnimation":"walkleft","index":0}
{"pos":{"x":-0.4873869717121124,"y":-0.006435824558138847,"z":0.0},"currentAnimation":"walkleft","index":1}
{"pos":{"x":-0.6547210216522217,"y":-0.006435824558138847,"z":0.0},"currentAnimation":"walkleft","index":1}
{"pos":{"x":-0.8220551013946533,"y":-0.006435822695493698,"z":0.0},"currentAnimation":"walkleft","index":2}
{"pos":{"x":-0.989389181137085,"y":-0.006435822695493698,"z":0.0},"currentAnimation":"walkback","index":0}
{"pos":{"x":-1.0172781944274903,"y":0.1330091655254364,"z":0.0},"currentAnimation":"walkback","index":0}
{"pos":{"x":-1.0172781944274903,"y":0.3003431558609009,"z":0.0},"currentAnimation":"walkback","index":1}
{"pos":{"x":-0.9336111545562744,"y":0.35612115263938906,"z":0.0},"currentAnimation":"walkRight","index":0}
{"pos":{"x":-0.7662770748138428,"y":0.35612115263938906,"z":0.0},"currentAnimation":"walkRight","index":0}
{"pos":{"x":-0.7383880615234375,"y":0.495566189289093,"z":0.0},"currentAnimation":"walkback","index":0}
{"pos":{"x":-0.6268320083618164,"y":0.5234552025794983,"z":0.0},"currentAnimation":"walkRight","index":0}
{"pos":{"x":-0.5152759552001953,"y":0.5792332291603088,"z":0.0},"currentAnimation":"walkback","index":0}
{"pos":{"x":-0.48738694190979006,"y":0.6907892823219299,"z":0.0},"currentAnimation":"walkback","index":0}
{"pos":{"x":-0.3200528919696808,"y":0.6907892823219299,"z":0.0},"currentAnimation":"walkRight","index":0}
{"pos":{"x":-0.2642748951911926,"y":0.802345335483551,"z":0.0},"currentAnimation":"walkback","index":0}
{"pos":{"x":-0.1527189016342163,"y":0.8581233620643616,"z":0.0},"currentAnimation":"walkRight","index":0}
{"pos":{"x":-0.06905190646648407,"y":0.8581233620643616,"z":0.0},"currentAnimation":"walkRight","index":0}
{"pos":{"x":-0.06905190646648407,"y":0.9696794152259827,"z":0.0},"currentAnimation":"walkback","index":0}
{"pos":{"x":0.04250409081578255,"y":1.025457501411438,"z":0.0},"currentAnimation":"walkRight","index":0}
{"pos":{"x":0.20983807742595673,"y":1.025457501411438,"z":0.0},"currentAnimation":"walkRight","index":0}
{"pos":{"x":0.3771721124649048,"y":1.025457501411438,"z":0.0},"currentAnimation":"walkRight","index":1}
{"pos":{"x":0.5445061922073364,"y":1.025457501411438,"z":0.0},"currentAnimation":"walkRight","index":1}
{"pos":{"x":0.7118402719497681,"y":1.025457501411438,"z":0.0},"currentAnimation":"walkRight","index":2}
{"pos":{"x":0.7118402719497681,"y":1.1927915811538697,"z":0.0},"currentAnimation":"walkback","index":0}
{"pos":{"x":0.7118402719497681,"y":1.3601256608963013,"z":0.0},"currentAnimation":"walkback","index":0}
{"pos":{"x":0.7118402719497681,"y":1.527459740638733,"z":0.0},"currentAnimation":"walkback","index":1}
{"pos":{"x":0.7118402719497681,"y":1.6947938203811646,"z":0.0},"currentAnimation":"walkback","index":1}
{"pos":{"x":0.7397292852401733,"y":1.834238886833191,"z":0.0},"currentAnimation":"walkRight","index":0}
{"pos":{"x":0.907063364982605,"y":1.834238886833191,"z":0.0},"currentAnimation":"walkRight","index":0}
{"pos":{"x":1.0743974447250367,"y":1.834238886833191,"z":0.0},"currentAnimation":"walkRight","index":0}
{"pos":{"x":1.2417315244674683,"y":1.834238886833191,"z":0.0},"currentAnimation":"walkRight","index":1}
{"pos":{"x":1.4090656042099,"y":1.834238886833191,"z":0.0},"currentAnimation":"walkRight","index":1}
{"pos":{"x":1.5763996839523316,"y":1.834238886833191,"z":0.0},"currentAnimation":"walkRight","index":2}
{"pos":{"x":1.6717607975006104,"y":1.834238886833191,"z":0.0},"currentAnimation":"walkRight","index":2}
{"pos":{"x":1.671755075454712,"y":2.001572847366333,"z":0.0},"currentAnimation":"walkback","index":0}
{"pos":{"x":1.6364108324050904,"y":1.9912534952163697,"z":0.0},"currentAnimation":"walkRight","index":0}
{"pos":{"x":1.6320652961730958,"y":1.9912534952163697,"z":0.0},"currentAnimation":"walkRight","index":0}
{"pos":{"x":1.6317667961120606,"y":1.9912534952163697,"z":0.0},"currentAnimation":"walkRight","index":1}
{"pos":{"x":1.6317462921142579,"y":1.9912534952163697,"z":0.0},"currentAnimation":"walkRight","index":1}
{"pos":{"x":1.6317447423934937,"y":1.935475468635559,"z":0.0},"currentAnimation":"walkfront","index":0}
{"pos":{"x":1.6317447423934937,"y":1.7681413888931275,"z":0.0},"currentAnimation":"walkfront","index":0}
{"pos":{"x":1.6317447423934937,"y":1.6008073091506959,"z":0.0},"currentAnimation":"walkfront","index":1}
{"pos":{"x":1.4922996759414673,"y":1.5729182958602906,"z":0.0},"currentAnimation":"walkleft","index":0}
{"pos":{"x":1.3249655961990357,"y":1.5729182958602906,"z":0.0},"currentAnimation":"walkleft","index":0}
{"pos":{"x":1.2970765829086304,"y":1.51714026927948,"z":0.0},"currentAnimation":"walkfront","index":0}
{"pos":{"x":1.2412985563278199,"y":1.4055842161178589,"z":0.0},"currentAnimation":"walkleft","index":0}
