{"pos":{"x":0.0,"y":0.0,"z":0.0},"currentAnimation":"","index":0}
{"pos":{"x":-0.013273884542286396,"y":-0.006435823626816273,"z":0.0},"currentAnimation":"","index":0}
{"pos":{"x":-0.013273884542286396,"y":-0.006435823626816273,"z":0.0},"currentAnimation":"","index":0}
{"pos":{"x":-0.013273884542286396,"y":-0.006435823626816273,"z":0.0},"currentAnimation":"","index":0}
{"pos":{"x":-0.013273884542286396,"y":-0.006435823626816273,"z":0.0},"currentAnimation":"","index":0}
{"pos":{"x":-0.013273884542286396,"y":-0.006435823626816273,"z":0.0},"currentAnimation":"","index":0}
{"pos":{"x":-0.013273884542286396,"y":-0.006435823626816273,"z":0.0},"currentAnimation":"","index":0}
{"pos":{"x":-0.013273884542286396,"y":-0.006435823626816273,"z":0.0},"currentAnimation":"","index":0}
{"pos":{"x":-0.013273884542286396,"y":-0.006435823626816273,"z":0.0},"currentAnimation":"","index":0}
{"pos":{"x":-0.180607870221138,"y":-0.006435823626816273,"z":0.0},"currentAnimation":"walkleft","index":0}
{"pos":{"x":-0.34794193506240847,"y":-0.006435823626816273,"z":0.0},"currentAnimation":"walkleft","index":0}
{"pos":{"x":-0.4873869717121124,"y":-0.006435824558138847,"z":0.0},"currentAnimation":"walkleft","index":1}
{"pos":{"x":-0.6547210216522217,"y":-0.006435824558138847,"z":0.0},"currentAnimation":"walkleft","index":1}
{"pos":{"x":-0.8220551013946533,"y":-0.006435822695493698,"z":0.0},"currentAnimation":"walkleft","index":2}
{"pos":{"x":-1.0172781944274903,"y":-0.006435822695493698,"z":0.0},"currentAnimation":"walkleft","index":2}
{"pos":{"x":-1.1846122741699219,"y":-0.006435823626816273,"z":0.0},"currentAnimation":"walkleft","index":0}
{"pos":{"x":-1.3519463539123536,"y":-0.006435823626816273,"z":0.0},"currentAnimation":"walkleft","index":0}
{"pos":{"x":-1.4635024070739747,"y":0.04934217408299446,"z":0.0},"currentAnimation":"walkback","index":0}
{"pos":{"x":-1.4635024070739747,"y":0.21667616069316865,"z":0.0},"currentAnimation":"walkback","index":0}
{"pos":{"x":-1.4635024070739747,"y":0.3840101957321167,"z":0.0},"currentAnimation":"walkback","index":0}
{"pos":{"x":-1.4635024070739747,"y":0.5513442158699036,"z":0.0},"currentAnimation":"walkback","index":1}
{"pos":{"x":-1.4635024070739747,"y":0.7186782956123352,"z":0.0},"currentAnimation":"walkback","index":1}
{"pos":{"x":-1.4635024070739747,"y":0.8860123753547669,"z":0.0},"currentAnimation":"walkback","index":2}
{"pos":{"x":-1.4635024070739747,"y":1.0533465147018433,"z":0.0},"currentAnimation":"walkback","index":2}
{"pos":{"x":-1.4635024070739747,"y":1.220680594444275,"z":0.0},"currentAnimation":"walkback","index":0}
{"pos":{"x":-1.4635024070739747,"y":1.3880146741867066,"z":0.0},"currentAnimation":"walkback","index":0}
{"pos":{"x":-1.4635024070739747,"y":1.5553487539291382,"z":0.0},"currentAnimation":"walkback","index":1}
{"pos":{"x":-1.4635024070739747,"y":1.6669048070907593,"z":0.0},"currentAnimation":"drinkback","index":0}
{"pos":{"x":-1.4635024070739747,"y":1.6669048070907593,"z":0.0},"currentAnimation":"drinkback","index":0}
{"pos":{"x":-1.4635024070739747,"y":1.6669048070907593,"z":0.0},"currentAnimation":"drinkback","index":1}
{"pos":{"x":-1.4635024070739747,"y":1.6669048070907593,"z":0.0},"currentAnimation":"drinkback","index":1}
{"pos":{"x":-1.4635024070739747,"y":1.6669048070907593,"z":0.0},"currentAnimation":"drinkback","index":1}
{"pos":{"x":-1.4635024070739747,"y":1.6669048070907593,"z":0.0},"currentAnimation":"drinkback","index":0}
{"pos":{"x":-1.4635024070739747,"y":1.6669048070907593,"z":0.0},"currentAnimation":"drinkback","index":0}
{"pos":{"x":-1.4635024070739747,"y":1.6669048070907593,"z":0.0},"currentAnimation":"drinkback","index":1}
{"pos":{"x":-1.4635024070739747,"y":1.6669048070907593,"z":0.0},"currentAnimation":"drinkback","index":1}
{"pos":{"x":-1.4635024070739747,"y":1.6669048070907593,"z":0.0},"currentAnimation":"drinkback","index":0}
{"pos":{"x":-1.4635024070739747,"y":1.6669048070907593,"z":0.0},"currentAnimation":"drinkback","index":0}
{"pos":{"x":-1.4635024070739747,"y":1.6669048070907593,"z":0.0},"currentAnimation":"drinkback","index":1}
{"pos":{"x":-1.4635024070739747,"y":1.6669048070907593,"z":0.0},"currentAnimation":"drinkback","index":1}
{"pos":{"x":-1.4635024070739747,"y":1.6669048070907593,"z":0.0},"currentAnimation":"drinkback","index":0}
{"pos":{"x":-1.4635024070739747,"y":1.6669048070907593,"z":0.0},"currentAnimation":"drinkback","index":0}
{"pos":{"x":-1.4635024070739747,"y":1.6669048070907593,"z":0.0},"currentAnimation":"drinkback","index":0}
{"pos":{"x":-1.4635024070739747,"y":1.6669048070907593,"z":0.0},"currentAnimation":"drinkback","index":1}
{"pos":{"x":-1.4635024070739747,"y":1.6669048070907593,"z":0.0},"currentAnimation":"drinkback","index":1}
{"pos":{"x":-1.3798353672027588,"y":1.6669048070907593,"z":0.0},"currentAnimation":"walkRight","index":0}
{"pos":{"x":-1.2125012874603272,"y":1.6669048070907593,"z":0.0},"currentAnimation":"walkRight","index":0}
{"pos":{"x":-1.0451672077178956,"y":1.6669048070907593,"z":0.0},"currentAnimation":"walkRight","index":1}
{"pos":{"x":-0.9336111545562744,"y":1.6669048070907593,"z":0.0},"currentAnimation":"walkRight","index":1}
{"pos":{"x":-0.9336111545562744,"y":1.834238886833191,"z":0.0},"currentAnimation":"walkback","index":0}
