{"pos":{"x":0.0,"y":0.0,"z":0.0},"currentAnimation":"","index":0}
{"pos":{"x":-0.013273884542286396,"y":-0.006435823626816273,"z":0.0},"currentAnimation":"","index":0}
{"pos":{"x":-0.013273884542286396,"y":-0.006435823626816273,"z":0.0},"currentAnimation":"","index":0}
{"pos":{"x":-0.013273884542286396,"y":-0.006435823626816273,"z":0.0},"currentAnimation":"","index":0}
{"pos":{"x":-0.013273884542286396,"y":-0.006435823626816273,"z":0.0},"currentAnimation":"","index":0}
{"pos":{"x":-0.12482987344264984,"y":-0.006435823626816273,"z":0.0},"currentAnimation":"walkleft","index":0}
{"pos":{"x":-0.2921639084815979,"y":-0.006435823626816273,"z":0.0},"currentAnimation":"walkleft","index":0}
{"pos":{"x":-0.45949795842170718,"y":-0.006435824558138847,"z":0.0},"currentAnimation":"walkleft","index":1}
{"pos":{"x":-0.5152759552001953,"y":-0.006435824558138847,"z":0.0},"currentAnimation":"walkleft","index":1}
{"pos":{"x":-0.5152759552001953,"y":0.10512017458677292,"z":0.0},"currentAnimation":"walkback","index":0}
{"pos":{"x":-0.5152759552001953,"y":0.2724541425704956,"z":0.0},"currentAnimation":"walkback","index":0}
{"pos":{"x":-0.5152759552001953,"y":0.43978819251060488,"z":0.0},"currentAnimation":"walkback","index":1}
{"pos":{"x":-0.3479418456554413,"y":0.43978819251060488,"z":0.0},"currentAnimation":"walkRight","index":0}
{"pos":{"x":-0.29216381907463076,"y":0.43978819251060488,"z":0.0},"currentAnimation":"walkRight","index":0}
{"pos":{"x":-0.29216381907463076,"y":0.43978819251060488,"z":0.0},"currentAnimation":"walkRight","index":0}
{"pos":{"x":-0.29216381907463076,"y":0.43978819251060488,"z":0.0},"currentAnimation":"walkRight","index":0}
{"pos":{"x":-0.29216381907463076,"y":0.43978819251060488,"z":0.0},"currentAnimation":"walkRight","index":0}
{"pos":{"x":-0.29216381907463076,"y":0.43978819251060488,"z":0.0},"currentAnimation":"walkRight","index":0}
{"pos":{"x":-0.29216381907463076,"y":0.5792332291603088,"z":0.0},"currentAnimation":"walkback","index":0}
{"pos":{"x":-0.29216381907463076,"y":0.7465673089027405,"z":0.0},"currentAnimation":"walkback","index":0}
{"pos":{"x":-0.29216381907463076,"y":0.9139013886451721,"z":0.0},"currentAnimation":"walkback","index":1}
{"pos":{"x":-0.29216381907463076,"y":1.0812355279922486,"z":0.0},"currentAnimation":"walkback","index":1}
{"pos":{"x":-0.29216381907463076,"y":1.2485696077346802,"z":0.0},"currentAnimation":"walkback","index":2}
{"pos":{"x":-0.29216381907463076,"y":1.2485696077346802,"z":0.0},"currentAnimation":"walkback","index":2}
{"pos":{"x":-0.29216381907463076,"y":1.2485696077346802,"z":0.0},"currentAnimation":"walkback","index":2}
{"pos":{"x":-0.29216381907463076,"y":1.2485696077346802,"z":0.0},"currentAnimation":"walkback","index":2}
{"pos":{"x":-0.37583088874816897,"y":1.2485696077346802,"z":0.0},"currentAnimation":"walkleft","index":0}
{"pos":{"x":-0.5431649684906006,"y":1.2485696077346802,"z":0.0},"currentAnimation":"walkleft","index":0}
{"pos":{"x":-0.7104990482330322,"y":1.2485696077346802,"z":0.0},"currentAnimation":"walkleft","index":1}
{"pos":{"x":-0.7383880615234375,"y":1.3880146741867066,"z":0.0},"currentAnimation":"walkback","index":0}
{"pos":{"x":-0.7383880615234375,"y":1.5553487539291382,"z":0.0},"currentAnimation":"walkback","index":0}
{"pos":{"x":-0.7383880615234375,"y":1.7226828336715699,"z":0.0},"currentAnimation":"walkback","index":1}
{"pos":{"x":-0.8499441146850586,"y":1.8063498735427857,"z":0.0},"currentAnimation":"walkleft","index":0}
{"pos":{"x":-1.0172781944274903,"y":1.8063498735427857,"z":0.0},"currentAnimation":"walkleft","index":0}
{"pos":{"x":-1.0451672077178956,"y":1.8063498735427857,"z":0.0},"currentAnimation":"walkleft","index":0}
{"pos":{"x":-1.0451672077178956,"y":1.8063498735427857,"z":0.0},"currentAnimation":"walkleft","index":0}
{"pos":{"x":-1.0451672077178956,"y":1.8063498735427857,"z":0.0},"currentAnimation":"walkleft","index":0}
{"pos":{"x":-1.0451672077178956,"y":1.9179059267044068,"z":0.0},"currentAnimation":"walkback","index":0}
{"pos":{"x":-1.0451672077178956,"y":1.9912537336349488,"z":0.0},"currentAnimation":"walkback","index":0}
{"pos":{"x":-1.0451672077178956,"y":1.9912532567977906,"z":0.0},"currentAnimation":"walkback","index":1}
{"pos":{"x":-0.9057221412658691,"y":1.9912532567977906,"z":0.0},"currentAnimation":"walkRight","index":0}
{"pos":{"x":-0.7383880615234375,"y":1.9912532567977906,"z":0.0},"currentAnimation":"walkRight","index":0}
{"pos":{"x":-0.7104990482330322,"y":1.9912532567977906,"z":0.0},"currentAnimation":"walkRight","index":0}
{"pos":{"x":-0.7104990482330322,"y":1.9912532567977906,"z":0.0},"currentAnimation":"drinkleft","index":0}
{"pos":{"x":-0.7104990482330322,"y":1.9912532567977906,"z":0.0},"currentAnimation":"drinkleft","index":0}
{"pos":{"x":-0.7104990482330322,"y":1.9912532567977906,"z":0.0},"currentAnimation":"drinkleft","index":1}
{"pos":{"x":-0.7104990482330322,"y":1.9912532567977906,"z":0.0},"currentAnimation":"drinkleft","index":1}
{"pos":{"x":-0.7104990482330322,"y":1.9912532567977906,"z":0.0},"currentAnimation":"drinkleft","index":2}
{"pos":{"x":-0.7104990482330322,"y":1.9912532567977906,"z":0.0},"currentAnimation":"drinkleft","index":2}
{"pos":{"x":-0.7104990482330322,"y":1.9912532567977906,"z":0.0},"currentAnimation":"drinkleft","index":3}
