{"pos":{"x":-0.042643316090106967,"y":-0.020675547420978547,"z":0.0},"currentAnimation":"","index":0}
{"pos":{"x":-0.09842130541801453,"y":-0.020675547420978547,"z":0.0},"currentAnimation":"","index":0}
{"pos":{"x":-0.16535493731498719,"y":-0.020675547420978547,"z":0.0},"currentAnimation":"walkleft","index":0}
{"pos":{"x":-0.23228856921195985,"y":-0.020675549283623697,"z":0.0},"currentAnimation":"walkleft","index":1}
{"pos":{"x":-0.2992222011089325,"y":-0.020675549283623697,"z":0.0},"currentAnimation":"walkleft","index":1}
{"pos":{"x":-0.35500022768974306,"y":-0.020675551146268846,"z":0.0},"currentAnimation":"walkleft","index":2}
{"pos":{"x":-0.4219338595867157,"y":-0.020675551146268846,"z":0.0},"currentAnimation":"walkleft","index":2}
{"pos":{"x":-0.5000230669975281,"y":-0.020675551146268846,"z":0.0},"currentAnimation":"walkleft","index":0}
{"pos":{"x":-0.5669566988945007,"y":-0.020675551146268846,"z":0.0},"currentAnimation":"walkleft","index":0}
{"pos":{"x":-0.6004235148429871,"y":0.001635648775845766,"z":0.0},"currentAnimation":"walkback","index":0}
{"pos":{"x":-0.6004235148429871,"y":0.07972484081983566,"z":0.0},"currentAnimation":"walkback","index":0}
{"pos":{"x":-0.6004235148429871,"y":0.14665843546390534,"z":0.0},"currentAnimation":"walkback","index":1}
{"pos":{"x":-0.6004235148429871,"y":0.18012525141239167,"z":0.0},"currentAnimation":"walkback","index":1}
{"pos":{"x":-0.6450459361076355,"y":0.18012525141239167,"z":0.0},"currentAnimation":"walkleft","index":0}
{"pos":{"x":-0.6896683573722839,"y":0.18012525141239167,"z":0.0},"currentAnimation":"nodleft","index":0}
{"pos":{"x":-0.6896683573722839,"y":0.18012525141239167,"z":0.0},"currentAnimation":"nodleft","index":0}
{"pos":{"x":-0.6896683573722839,"y":0.18012525141239167,"z":0.0},"currentAnimation":"nodleft","index":1}
{"pos":{"x":-0.6896683573722839,"y":0.18012525141239167,"z":0.0},"currentAnimation":"nodleft","index":1}
{"pos":{"x":-0.700823962688446,"y":0.18012525141239167,"z":0.0},"currentAnimation":"nodleft","index":0}
{"pos":{"x":-0.700823962688446,"y":0.18012525141239167,"z":0.0},"currentAnimation":"nodleft","index":0}
{"pos":{"x":-0.700823962688446,"y":0.18012525141239167,"z":0.0},"currentAnimation":"nodleft","index":0}
{"pos":{"x":-0.700823962688446,"y":0.18012525141239167,"z":0.0},"currentAnimation":"nodleft","index":1}
{"pos":{"x":-0.700823962688446,"y":0.18012525141239167,"z":0.0},"currentAnimation":"nodleft","index":1}
{"pos":{"x":-0.700823962688446,"y":0.2359032779932022,"z":0.0},"currentAnimation":"walkback","index":0}
{"pos":{"x":-0.700823962688446,"y":0.30283689498901369,"z":0.0},"currentAnimation":"walkback","index":0}
{"pos":{"x":-0.700823962688446,"y":0.36977052688598635,"z":0.0},"currentAnimation":"walkback","index":1}
{"pos":{"x":-0.700823962688446,"y":0.4255485534667969,"z":0.0},"currentAnimation":"walkback","index":1}
{"pos":{"x":-0.700823962688446,"y":0.49248218536376955,"z":0.0},"currentAnimation":"walkback","index":2}
{"pos":{"x":-0.6896683573722839,"y":0.5482601523399353,"z":0.0},"currentAnimation":"walkRight","index":0}
{"pos":{"x":-0.6227347254753113,"y":0.5482601523399353,"z":0.0},"currentAnimation":"walkRight","index":0}
{"pos":{"x":-0.5558010935783386,"y":0.5482601523399353,"z":0.0},"currentAnimation":"walkRight","index":0}
{"pos":{"x":-0.48886746168136599,"y":0.5482601523399353,"z":0.0},"currentAnimation":"walkRight","index":1}
{"pos":{"x":-0.4219338297843933,"y":0.5482601523399353,"z":0.0},"currentAnimation":"walkRight","index":1}
{"pos":{"x":-0.35500019788742068,"y":0.5482601523399353,"z":0.0},"currentAnimation":"walkRight","index":2}
{"pos":{"x":-0.288066565990448,"y":0.5482601523399353,"z":0.0},"currentAnimation":"walkRight","index":2}
{"pos":{"x":-0.2657553553581238,"y":0.5482600927352905,"z":0.0},"currentAnimation":"nodright","index":0}
{"pos":{"x":-0.2657553553581238,"y":0.5482600927352905,"z":0.0},"currentAnimation":"nodright","index":0}
{"pos":{"x":-0.2657553553581238,"y":0.5482600927352905,"z":0.0},"currentAnimation":"nodright","index":1}
{"pos":{"x":-0.2657553553581238,"y":0.5482600927352905,"z":0.0},"currentAnimation":"nodright","index":1}
{"pos":{"x":-0.25459975004196169,"y":0.5482600927352905,"z":0.0},"currentAnimation":"nodright","index":0}
{"pos":{"x":-0.25459975004196169,"y":0.5482600927352905,"z":0.0},"currentAnimation":"nodright","index":0}
{"pos":{"x":-0.25459975004196169,"y":0.5482600927352905,"z":0.0},"currentAnimation":"nodright","index":0}
{"pos":{"x":-0.25459975004196169,"y":0.5482600927352905,"z":0.0},"currentAnimation":"nodright","index":1}
{"pos":{"x":-0.25459975004196169,"y":0.5482600927352905,"z":0.0},"currentAnimation":"nodright","index":1}
{"pos":{"x":-0.25459975004196169,"y":0.6040381193161011,"z":0.0},"currentAnimation":"walkback","index":0}
{"pos":{"x":-0.25459975004196169,"y":0.6598161458969116,"z":0.0},"currentAnimation":"walkback","index":0}
{"pos":{"x":-0.25459975004196169,"y":0.7267497777938843,"z":0.0},"currentAnimation":"walkback","index":1}
{"pos":{"x":-0.25459975004196169,"y":0.7825278043746948,"z":0.0},"currentAnimation":"walkback","index":1}
{"pos":{"x":-0.25459975004196169,"y":0.7825278043746948,"z":0.0},"currentAnimation":"nodback","index":0}
{"pos":{"x":-0.25459975004196169,"y":0.7825278043746948,"z":0.0},"currentAnimation":"nodback","index":0}
{"pos":{"x":-0.25459975004196169,"y":0.7825278043746948,"z":0.0},"currentAnimation":"nodback","index":1}
{"pos":{"x":-0.25459975004196169,"y":0.7825278043746948,"z":0.0},"currentAnimation":"nodback","index":1}
{"pos":{"x":-0.25459975004196169,"y":0.7825278043746948,"z":0.0},"currentAnimation":"nodback","index":0}
{"pos":{"x":-0.25459975004196169,"y":0.7825278043746948,"z":0.0},"currentAnimation":"nodback","index":0}
{"pos":{"x":-0.25459975004196169,"y":0.7825278043746948,"z":0.0},"currentAnimation":"nodback","index":0}
{"pos":{"x":-0.25459975004196169,"y":0.7825278043746948,"z":0.0},"currentAnimation":"nodback","index":1}
{"pos":{"x":-0.25459975004196169,"y":0.7825278043746948,"z":0.0},"currentAnimation":"nodback","index":1}
{"pos":{"x":-0.25459975004196169,"y":0.8383058309555054,"z":0.0},"currentAnimation":"walkback","index":0}
{"pos":{"x":-0.25459975004196169,"y":0.905239462852478,"z":0.0},"currentAnimation":"walkback","index":0}
{"pos":{"x":-0.25459975004196169,"y":0.9721730947494507,"z":0.0},"currentAnimation":"walkback","index":1}
{"pos":{"x":-0.25459975004196169,"y":1.0279511213302613,"z":0.0},"currentAnimation":"walkback","index":1}
{"pos":{"x":-0.25459975004196169,"y":1.0948847532272339,"z":0.0},"currentAnimation":"walkback","index":2}
{"pos":{"x":-0.25459975004196169,"y":1.1618183851242066,"z":0.0},"currentAnimation":"walkback","index":2}
{"pos":{"x":-0.25459975004196169,"y":1.2287520170211793,"z":0.0},"currentAnimation":"walkback","index":0}
{"pos":{"x":-0.25459975004196169,"y":1.2956856489181519,"z":0.0},"currentAnimation":"walkback","index":0}
{"pos":{"x":-0.25459975004196169,"y":1.3626192808151246,"z":0.0},"currentAnimation":"walkback","index":0}
{"pos":{"x":-0.25459975004196169,"y":1.4295529127120972,"z":0.0},"currentAnimation":"walkback","index":1}
{"pos":{"x":-0.25459975004196169,"y":1.4964865446090699,"z":0.0},"currentAnimation":"walkback","index":1}
{"pos":{"x":-0.25459975004196169,"y":1.5634201765060425,"z":0.0},"currentAnimation":"walkback","index":2}
{"pos":{"x":-0.25459975004196169,"y":1.6303538084030152,"z":0.0},"currentAnimation":"walkback","index":2}
{"pos":{"x":-0.25459975004196169,"y":1.6972874402999879,"z":0.0},"currentAnimation":"walkback","index":0}
{"pos":{"x":-0.2992221713066101,"y":1.719598650932312,"z":0.0},"currentAnimation":"walkback","index":0}
{"pos":{"x":-0.3496059775352478,"y":1.7056723833084107,"z":0.0},"currentAnimation":"walkleft","index":0}
{"pos":{"x":-0.373163640499115,"y":1.6842505931854249,"z":0.0},"currentAnimation":"walkleft","index":0}
{"pos":{"x":-0.3968019485473633,"y":1.6629183292388917,"z":0.0},"currentAnimation":"walkleft","index":1}
{"pos":{"x":-0.40074437856674197,"y":1.6443357467651368,"z":0.0},