{"pos":{"x":-0.013273884542286396,"y":-0.006435823626816273,"z":0.0},"currentAnimation":"","index":0}
{"pos":{"x":-0.013273884542286396,"y":-0.006435823626816273,"z":0.0},"currentAnimation":"","index":0}
{"pos":{"x":-0.06905187666416168,"y":-0.006435823626816273,"z":0.0},"currentAnimation":"walkleft","index":0}
{"pos":{"x":-0.23638586699962617,"y":-0.006435823626816273,"z":0.0},"currentAnimation":"walkleft","index":0}
{"pos":{"x":-0.403719961643219,"y":-0.006435823626816273,"z":0.0},"currentAnimation":"walkleft","index":0}
{"pos":{"x":-0.5710539817810059,"y":-0.006435824558138847,"z":0.0},"currentAnimation":"walkleft","index":1}
{"pos":{"x":-0.7383880615234375,"y":-0.006435824558138847,"z":0.0},"currentAnimation":"walkleft","index":1}
{"pos":{"x":-0.9057221412658691,"y":-0.006435822695493698,"z":0.0},"currentAnimation":"walkleft","index":2}
{"pos":{"x":-1.0730562210083008,"y":-0.006435822695493698,"z":0.0},"currentAnimation":"walkleft","index":2}
{"pos":{"x":-1.2403903007507325,"y":-0.006435823626816273,"z":0.0},"currentAnimation":"walkleft","index":0}
{"pos":{"x":-1.407724380493164,"y":-0.006435823626816273,"z":0.0},"currentAnimation":"walkleft","index":0}
{"pos":{"x":-1.5750584602355958,"y":-0.006435823626816273,"z":0.0},"currentAnimation":"walkleft","index":1}
{"pos":{"x":-1.7423925399780274,"y":-0.006435824558138847,"z":0.0},"currentAnimation":"walkleft","index":1}
{"pos":{"x":-1.798170566558838,"y":-0.006435824558138847,"z":0.0},"currentAnimation":"walkback","index":0}
{"pos":{"x":-1.8818376064300538,"y":0.07723117619752884,"z":0.0},"currentAnimation":"walkback","index":0}
{"pos":{"x":-1.8818376064300538,"y":0.24456515908241273,"z":0.0},"currentAnimation":"walkback","index":0}
{"pos":{"x":-1.8818376064300538,"y":0.4118991792201996,"z":0.0},"currentAnimation":"walkback","index":1}
{"pos":{"x":-1.8818376064300538,"y":0.5513442158699036,"z":0.0},"currentAnimation":"walkback","index":1}
{"pos":{"x":-1.8818376064300538,"y":0.7186782956123352,"z":0.0},"currentAnimation":"walkback","index":2}
{"pos":{"x":-1.8818376064300538,"y":0.8860123753547669,"z":0.0},"currentAnimation":"walkback","index":2}
{"pos":{"x":-1.8818376064300538,"y":1.0533465147018433,"z":0.0},"currentAnimation":"walkback","index":0}
{"pos":{"x":-1.8818376064300538,"y":1.220680594444275,"z":0.0},"currentAnimation":"walkback","index":0}
{"pos":{"x":-1.8818376064300538,"y":1.3880146741867066,"z":0.0},"currentAnimation":"walkback","index":1}
{"pos":{"x":-1.8818376064300538,"y":1.5832377672195435,"z":0.0},"currentAnimation":"walkback","index":1}
{"pos":{"x":-1.8818376064300538,"y":1.5970041751861573,"z":0.0},"currentAnimation":"walkback","index":2}
{"pos":{"x":-1.8818376064300538,"y":1.6370065212249756,"z":0.0},"currentAnimation":"walkback","index":2}
{"pos":{"x":-1.8818376064300538,"y":1.6370006799697877,"z":0.0},"currentAnimation":"walkback","index":2}
{"pos":{"x":-1.8818376064300538,"y":1.597720742225647,"z":0.0},"currentAnimation":"walkback","index":0}
{"pos":{"x":-1.8818376064300538,"y":1.597012996673584,"z":0.0},"currentAnimation":"walkback","index":0}
{"pos":{"x":-1.8818376064300538,"y":1.597000241279602,"z":0.0},"currentAnimation":"walkback","index":0}
{"pos":{"x":-1.8818376064300538,"y":1.597000241279602,"z":0.0},"currentAnimation":"walkback","index":0}
{"pos":{"x":-1.8818376064300538,"y":1.597000241279602,"z":0.0},"currentAnimation":"walkback","index":0}
{"pos":{"x":-1.8818376064300538,"y":1.597000241279602,"z":0.0},"currentAnimation":"walkback","index":0}
{"pos":{"x":-1.8818376064300538,"y":1.597000241279602,"z":0.0},"currentAnimation":"walkback","index":0}
{"pos":{"x":-1.8818376064300538,"y":1.597000241279602,"z":0.0},"currentAnimation":"walkback","index":0}
{"pos":{"x":-1.8818376064300538,"y":1.597000241279602,"z":0.0},"currentAnimation":"walkback","index":0}
{"pos":{"x":-1.7163523435592652,"y":1.597000241279602,"z":0.0},"currentAnimation":"walkRight","index":0}
{"pos":{"x":-1.5490182638168336,"y":1.597000241279602,"z":0.0},"currentAnimation":"walkRight","index":0}
{"pos":{"x":-1.3816841840744019,"y":1.597000241279602,"z":0.0},"currentAnimation":"walkRight","index":1}
{"pos":{"x":-1.2422391176223755,"y":1.597000241279602,"z":0.0},"currentAnimation":"walkRight","index":1}
{"pos":{"x":-1.0749050378799439,"y":1.597000241279602,"z":0.0},"currentAnimation":"walkRight","index":2}
{"pos":{"x":-0.9075709581375122,"y":1.597000241279602,"z":0.0},"currentAnimation":"drinkback","index":0}
{"pos":{"x":-0.9075709581375122,"y":1.597000241279602,"z":0.0},"currentAnimation":"drinkback","index":0}
{"pos":{"x":-0.9075709581375122,"y":1.597000241279602,"z":0.0},"currentAnimation":"drinkback","index":1}
{"pos":{"x":-0.9075709581375122,"y":1.597000241279602,"z":0.0},"currentAnimation":"drinkback","index":1}
{"pos":{"x":-0.9075709581375122,"y":1.597000241279602,"z":0.0},"currentAnimation":"drinkback","index":1}
{"pos":{"x":-0.9075709581375122,"y":1.597000241279602,"z":0.0},"currentAnimation":"drinkback","index":0}
{"pos":{"x":-0.9075709581375122,"y":1.597000241279602,"z":0.0},"currentAnimation":"drinkback","index":0}
{"pos":{"x":-0.9075709581375122,"y":1.597000241279602,"z":0.0},"currentAnimation":"drinkback","index":1}
{"pos":{"x":-0.9075709581375122,"y":1.597000241279602,"z":0.0},"currentAnimation":"drinkback","index":1}
{"pos":{"x":-0.9075709581375122,"y":1.597000241279602,"z":0.0},"currentAnimation":"drinkback","index":0}
{"pos":{"x":-0.9075709581375122,"y":1.597000241279602,"z":0.0},"currentAnimation":"drinkback","index":0}
{"pos":{"x":-0.9075709581375122,"y":1.597000241279602,"z":0.0},"currentAnimation":"drinkback","index":1}
{"pos":{"x":-0.9075709581375122,"y":1.597000241279602,"z":0.0},"currentAnimation":"drinkback","index":1}
{"pos":{"x":-0.9075709581375122,"y":1.597000241279602,"z":0.0},"currentAnimation":"drinkback","index":1}
{"pos":{"x":-0.9075709581375122,"y":1.597000241279602,"z":0.0},"currentAnimation":"drinkback","index":0}
{"pos":{"x":-0.9075709581375122,"y":1.597000241279602,"z":0.0},"currentAnimation":"drinkback","index":0}
{"pos":{"x":-0.9075709581375122,"y":1.597000241279602,"z":0.0},"currentAnimation":"drinkback","index":1}
{"pos":{"x":-0.9075709581375122,"y":1.597000241279602,"z":0.0},"currentAnimation":"drinkback","index":1}
{"pos":{"x":-0.8517929315567017,"y":1.597000241279602,"z":0.0},"currentAnimation":"walkRight","index":0}
{"pos":{"x":-0.7123478651046753,"y":1.597000241279602,"z":0.0},"currentAnimation":"walkRight","index":0}
{"pos":{"x":-0.5450137853622437,"y":1.597000241279602,"z":0.0},"currentAnimation":"walkRight","index":1}
{"pos":{"x":-0.377679705619812,"y":1.597000241279602,"z":0.0},"currentAnimation":"walkRight","index":1}
{"pos":{"x":-0.21034562587738038,"y":1.597000241279602,"z":0.0},"currentAnimation":"walkRight","index":1}
{"pos":{"x":-0.21034562587738038,"y":1.7643343210220338,"z":0.0},"currentAnimation":"walkback","index":0}
{"pos":{"x":-0.21034562587738038,"y":1.9316684007644654,"z":0.0},"currentAnimation":"walkback","index":0}
{"pos":{"x":-0.21034562587738038,"y":1.9874464273452759,"z":0.0},"currentAnimation":"walkback","index":1}
{"pos":{"x":-0.1545676290988922,"y":1.9874464273452759,"z":0.0},"currentAnimation":"walkRight","index":0}
{"pos":{"x":0.012766361236572266,"y":1.9874464273452759,"z":0.0},"currentAnimation":"walkRight","index":0}
{"pos":{"x":0.18010035157203675,"y":1.9874464273452759,"z":0.0},"currentAnimation":"walkRight","index":1}
{"pos":{"x":0.347434401512146,"y":1.9874464273452759,"z":0.0},"currentAnimation":"walkRight","index":1}
{"pos":{"x":0.5147684812545776,"y":1.9874464273452759,"z":0.0},"currentAnimation":"walkRight","index":1}
{"pos":{"x":0.6821025609970093,"y":1.9874464273452759,"z":0.0},"currentAnimation":"walkRight","index":2}
{"pos":{"x":0.7936586141586304,"y":1.9874464273452759,"z":0.0},"currentAnimation":"walkRight","index":2}
{"pos":{"x":0.7657696008682251,"y":1.9874464273452759,"z":0.0},"currentAnimation":"walkleft","index":0}
{"pos":{"x":0.5984355211257935,"y":1.9874464273452759,"z":0.0},"currentAnimation":"walkleft",