{"pos":{"x":-0.013273884542286396,"y":-0.006435823626816273,"z":0.0},"currentAnimation":"","index":0}
{"pos":{"x":-0.013273884542286396,"y":-0.006435823626816273,"z":0.0},"currentAnimation":"","index":0}
{"pos":{"x":-0.013273884542286396,"y":-0.006435823626816273,"z":0.0},"currentAnimation":"","index":0}
{"pos":{"x":-0.013273884542286396,"y":-0.006435823626816273,"z":0.0},"currentAnimation":"","index":0}
{"pos":{"x":-0.013273884542286396,"y":-0.006435823626816273,"z":0.0},"currentAnimation":"","index":0}
{"pos":{"x":-0.013273884542286396,"y":-0.006435823626816273,"z":0.0},"currentAnimation":"","index":0}
{"pos":{"x":-0.013273884542286396,"y":-0.006435823626816273,"z":0.0},"currentAnimation":"","index":0}
{"pos":{"x":-0.013273884542286396,"y":-0.006435823626816273,"z":0.0},"currentAnimation":"","index":0}
{"pos":{"x":-0.013273884542286396,"y":-0.006435823626816273,"z":0.0},"currentAnimation":"","index":0}
{"pos":{"x":-0.013273884542286396,"y":-0.006435823626816273,"z":0.0},"currentAnimation":"","index":0}
{"pos":{"x":-0.013273884542286396,"y":-0.006435823626816273,"z":0.0},"currentAnimation":"","index":0}
{"pos":{"x":-0.013273884542286396,"y":-0.006435823626816273,"z":0.0},"currentAnimation":"","index":0}
{"pos":{"x":-0.013273884542286396,"y":-0.006435823626816273,"z":0.0},"currentAnimation":"","index":0}
{"pos":{"x":-0.013273884542286396,"y":-0.006435823626816273,"z":0.0},"currentAnimation":"","index":0}
{"pos":{"x":-0.013273884542286396,"y":-0.006435823626816273,"z":0.0},"currentAnimation":"","index":0}
{"pos":{"x":-0.013273884542286396,"y":-0.006435823626816273,"z":0.0},"currentAnimation":"","index":0}
{"pos":{"x":-0.06905187666416168,"y":-0.006435823626816273,"z":0.0},"currentAnimation":"walkleft","index":0}
{"pos":{"x":-0.23638586699962617,"y":-0.006435823626816273,"z":0.0},"currentAnimation":"walkleft","index":0}
{"pos":{"x":-0.403719961643219,"y":-0.006435823626816273,"z":0.0},"currentAnimation":"walkleft","index":0}
{"pos":{"x":-0.5710539817810059,"y":-0.006435824558138847,"z":0.0},"currentAnimation":"walkleft","index":1}
{"pos":{"x":-0.7383880615234375,"y":-0.006435824558138847,"z":0.0},"currentAnimation":"walkleft","index":1}
{"pos":{"x":-0.9057221412658691,"y":-0.006435822695493698,"z":0.0},"currentAnimation":"walkleft","index":2}
{"pos":{"x":-1.0730562210083008,"y":-0.006435822695493698,"z":0.0},"currentAnimation":"walkleft","index":2}
{"pos":{"x":-1.0730562210083008,"y":0.04934217408299446,"z":0.0},"currentAnimation":"walkback","index":0}
{"pos":{"x":-1.0730562210083008,"y":0.21667616069316865,"z":0.0},"currentAnimation":"walkback","index":0}
{"pos":{"x":-1.0730562210083008,"y":0.3840101957321167,"z":0.0},"currentAnimation":"walkback","index":0}
{"pos":{"x":-1.0730562210083008,"y":0.5513442158699036,"z":0.0},"currentAnimation":"walkback","index":1}
{"pos":{"x":-1.0730562210083008,"y":0.7186782956123352,"z":0.0},"currentAnimation":"walkback","index":1}
{"pos":{"x":-1.0730562210083008,"y":0.8860123753547669,"z":0.0},"currentAnimation":"walkback","index":2}
{"pos":{"x":-1.0730562210083008,"y":1.0533465147018433,"z":0.0},"currentAnimation":"walkback","index":2}
{"pos":{"x":-1.0730562210083008,"y":1.220680594444275,"z":0.0},"currentAnimation":"walkback","index":0}
{"pos":{"x":-1.0730562210083008,"y":1.3880146741867066,"z":0.0},"currentAnimation":"walkback","index":0}
{"pos":{"x":-1.0730562210083008,"y":1.5553487539291382,"z":0.0},"currentAnimation":"walkback","index":1}
{"pos":{"x":-1.0451672077178956,"y":1.5970065593719483,"z":0.0},"currentAnimation":"walkback","index":1}
{"pos":{"x":-0.8778331279754639,"y":1.5970065593719483,"z":0.0},"currentAnimation":"walkRight","index":0}
{"pos":{"x":-0.7104990482330322,"y":1.5970065593719483,"z":0.0},"currentAnimation":"walkRight","index":0}
{"pos":{"x":-0.5431649684906006,"y":1.5970065593719483,"z":0.0},"currentAnimation":"walkRight","index":1}
{"pos":{"x":-0.4037199020385742,"y":1.6248955726623536,"z":0.0},"currentAnimation":"walkRight","index":1}
{"pos":{"x":-0.4037199020385742,"y":1.7922296524047852,"z":0.0},"currentAnimation":"walkback","index":0}
{"pos":{"x":-0.4037199020385742,"y":1.9595637321472169,"z":0.0},"currentAnimation":"walkback","index":0}
{"pos":{"x":-0.4037199020385742,"y":1.987452745437622,"z":0.0},"currentAnimation":"walkback","index":1}
{"pos":{"x":-0.4037199020385742,"y":1.987452745437622,"z":0.0},"currentAnimation":"walkback","index":1}
{"pos":{"x":-0.2155204564332962,"y":1.987452745437622,"z":0.0},"currentAnimation":"walkleft","index":0}
{"pos":{"x":-0.2131732851266861,"y":1.987452745437622,"z":0.0},"currentAnimation":"walkleft","index":0}
{"pos":{"x":-0.2130119651556015,"y":1.987452745437622,"z":0.0},"currentAnimation":"walkleft","index":0}
{"pos":{"x":-0.21300087869167329,"y":1.987452745437622,"z":0.0},"currentAnimation":"walkleft","index":0}
{"pos":{"x":-0.21300089359283448,"y":1.987452745437622,"z":0.0},"currentAnimation":"drinkleft","index":0}
{"pos":{"x":-0.21300089359283448,"y":1.987452745437622,"z":0.0},"currentAnimation":"drinkleft","index":0}
{"pos":{"x":-0.21300089359283448,"y":1.987452745437622,"z":0.0},"currentAnimation":"drinkleft","index":1}
{"pos":{"x":-0.21300089359283448,"y":1.987452745437622,"z":0.0},"currentAnimation":"drinkleft","index":1}
{"pos":{"x":-0.21300089359283448,"y":1.987452745437622,"z":0.0},"currentAnimation":"drinkleft","index":2}
{"pos":{"x":-0.21300089359283448,"y":1.987452745437622,"z":0.0},"currentAnimation":"drinkleft","index":2}
{"pos":{"x":-0.21300089359283448,"y":1.987452745437622,"z":0.0},"currentAnimation":"drinkleft","index":3}
{"pos":{"x":-0.21300089359283448,"y":1.987452745437622,"z":0.0},"currentAnimation":"drinkleft","index":3}
{"pos":{"x":-0.21300089359283448,"y":1.987452745437622,"z":0.0},"currentAnimation":"drinkleft","index":4}
{"pos":{"x":-0.21300089359283448,"y":1.987452745437622,"z":0.0},"currentAnimation":"drinkleft","index":4}
{"pos":{"x":-0.21300089359283448,"y":1.987452745437622,"z":0.0},"currentAnimation":"drinkleft","index":4}
{"pos":{"x":-0.21300089359283448,"y":1.987452745437622,"z":0.0},"currentAnimation":"drinkleft","index":5}
{"pos":{"x":-0.21300089359283448,"y":1.987452745437622,"z":0.0},"currentAnimation":"drinkleft","index":5}
{"pos":{"x":-0.21300089359283448,"y":1.987452745437622,"z":0.0},"currentAnimation":"drinkleft","index":6}
{"pos":{"x":-0.21300089359283448,"y":1.987452745437622,"z":0.0},"currentAnimation":"drinkleft","index":6}
{"pos":{"x":-0.21300089359283448,"y":1.987452745437622,"z":0.0},"currentAnimation":"drinkleft","index":7}
{"pos":{"x":-0.21300089359283448,"y":1.987452745437622,"z":0.0},"currentAnimation":"drinkleft","index":7}
{"pos":{"x":-0.21300089359283448,"y":1.987452745437622,"z":0.0},"currentAnimation":"drinkleft","index":8}
{"pos":{"x":-0.21300089359283448,"y":1.987452745437622,"z":0.0},"currentAnimation":"drinkleft","index":8}
{"pos":{"x":-0.21300089359283448,"y":1.987452745437622,"z":0.0},"currentAnimation":"drinkleft","index":9}
{"pos":{"x":-0.21300089359283448,"y":1.987452745437622,"z":0.0},"currentAnimation":"drinkleft","index":9}
{"pos":{"x":-0.21300089359283448,"y":1.987452745437622,"z":0.0},"currentAnimation":"drinkleft","index":9}
{"pos":{"x":-0.21300089359283448,"y":1.987452745437622,"z":0.0},"currentAnimation":"drinkleft","index":10}
{"pos":{"x":-0.21300089359283448,"y":1.987452745437622,"z":0.0},"currentAnimation":"drinkleft","index":10}
{"pos":{"x":-0.21300089359283448,"y":1.987452745437622,"z":0.0},"currentAnimation":"drinkleft","index":11}
{"pos":{"x":-0.21300089359283448,"y":1.987452745437622,"z":0.0},"currentAnimation":"drinkleft","index":11}
{"pos":{"x":-0.12933388352394105,"y":1.987452745437622,"z":0.0},"currentAnimation":"walkRight","index":0}
{"pos":{"x":0.03800010308623314,"y":1.987452745437622,"z":0.0},"currentAnimation":"walkRight","index":0}
{"pos":{"x":0.20533409714698792,"y":1.987452745437622,"z":0.0},"currentAnimation":"walkRight","index":1}
{"pos":{"x":0.37266814708709719,"y":1.987452745437622,"z":0.0},"currentAnimation":"walkRight",