{"pos":{"x":-0.013273884542286396,"y":-0.006435823626816273,"z":0.0},"currentAnimation":"","index":0}
{"pos":{"x":-0.013273884542286396,"y":-0.006435823626816273,"z":0.0},"currentAnimation":"","index":0}
{"pos":{"x":-0.013273884542286396,"y":-0.006435823626816273,"z":0.0},"currentAnimation":"","index":0}
{"pos":{"x":-0.013273884542286396,"y":-0.006435823626816273,"z":0.0},"currentAnimation":"","index":0}
{"pos":{"x":-0.013273884542286396,"y":-0.006435823626816273,"z":0.0},"currentAnimation":"","index":0}
{"pos":{"x":-0.013273884542286396,"y":-0.006435823626816273,"z":0.0},"currentAnimation":"","index":0}
{"pos":{"x":-0.013273884542286396,"y":-0.006435823626816273,"z":0.0},"currentAnimation":"","index":0}
{"pos":{"x":-0.0411628820002079,"y":-0.006435823626816273,"z":0.0},"currentAnimation":"","index":0}
{"pos":{"x":-0.20849686861038209,"y":-0.006435823626816273,"z":0.0},"currentAnimation":"walkleft","index":0}
{"pos":{"x":-0.3758309483528137,"y":-0.006435823626816273,"z":0.0},"currentAnimation":"walkleft","index":0}
{"pos":{"x":-0.5431649684906006,"y":-0.006435824558138847,"z":0.0},"currentAnimation":"walkleft","index":1}
{"pos":{"x":-0.7104990482330322,"y":-0.006435824558138847,"z":0.0},"currentAnimation":"walkleft","index":1}
{"pos":{"x":-0.8778331279754639,"y":-0.006435822695493698,"z":0.0},"currentAnimation":"walkleft","index":2}
{"pos":{"x":-1.0451672077178956,"y":-0.006435822695493698,"z":0.0},"currentAnimation":"walkleft","index":2}
{"pos":{"x":-1.1288342475891114,"y":0.07723117619752884,"z":0.0},"currentAnimation":"walkback","index":0}
{"pos":{"x":-1.1288342475891114,"y":0.24456515908241273,"z":0.0},"currentAnimation":"walkback","index":0}
{"pos":{"x":-1.1288342475891114,"y":0.411899209022522,"z":0.0},"currentAnimation":"walkback","index":1}
{"pos":{"x":-1.1288342475891114,"y":0.5792332291603088,"z":0.0},"currentAnimation":"walkback","index":1}
{"pos":{"x":-1.1288342475891114,"y":0.7465673089027405,"z":0.0},"currentAnimation":"walkback","index":1}
{"pos":{"x":-1.0451672077178956,"y":0.8302343487739563,"z":0.0},"currentAnimation":"walkRight","index":0}
{"pos":{"x":-0.8778331279754639,"y":0.8302343487739563,"z":0.0},"currentAnimation":"walkRight","index":0}
{"pos":{"x":-0.7383880615234375,"y":0.8581233620643616,"z":0.0},"currentAnimation":"walkRight","index":1}
{"pos":{"x":-0.7383880615234375,"y":1.025457501411438,"z":0.0},"currentAnimation":"walkback","index":0}
{"pos":{"x":-0.7383880615234375,"y":1.1927915811538697,"z":0.0},"currentAnimation":"walkback","index":0}
{"pos":{"x":-0.7383880615234375,"y":1.3601256608963013,"z":0.0},"currentAnimation":"walkback","index":1}
{"pos":{"x":-0.7383880615234375,"y":1.527459740638733,"z":0.0},"currentAnimation":"walkback","index":1}
{"pos":{"x":-0.7383880615234375,"y":1.637024998664856,"z":0.0},"currentAnimation":"walkback","index":2}
{"pos":{"x":-0.7383880615234375,"y":1.6370017528533936,"z":0.0},"currentAnimation":"walkback","index":2}
{"pos":{"x":-0.6268320083618164,"y":1.637000560760498,"z":0.0},"currentAnimation":"walkRight","index":0}
{"pos":{"x":-0.45949795842170718,"y":1.637000560760498,"z":0.0},"currentAnimation":"walkRight","index":0}
{"pos":{"x":-0.2921638786792755,"y":1.637000560760498,"z":0.0},"currentAnimation":"walkRight","index":1}
{"pos":{"x":-0.12482984364032746,"y":1.637000560760498,"z":0.0},"currentAnimation":"walkRight","index":1}
{"pos":{"x":-0.12482985109090805,"y":1.8043346405029297,"z":0.0},"currentAnimation":"walkback","index":0}
{"pos":{"x":-0.12482985109090805,"y":1.9716687202453614,"z":0.0},"currentAnimation":"walkback","index":0}
{"pos":{"x":-0.12482985109090805,"y":1.9918237924575806,"z":0.0},"currentAnimation":"walkback","index":1}
{"pos":{"x":-0.12482985109090805,"y":1.9912922382354737,"z":0.0},"currentAnimation":"walkback","index":1}
{"pos":{"x":-0.12482984364032746,"y":2.031291961669922,"z":0.0},"currentAnimation":"walkback","index":2}
{"pos":{"x":-0.09694084525108338,"y":2.0312554836273195,"z":0.0},"currentAnimation":"walkback","index":2}
{"pos":{"x":0.0703931450843811,"y":2.0162534713745119,"z":0.0},"currentAnimation":"walkRight","index":0}
{"pos":{"x":0.2098381370306015,"y":2.0162534713745119,"z":0.0},"currentAnimation":"walkRight","index":0}
{"pos":{"x":0.37717217206954958,"y":2.0162532329559328,"z":0.0},"currentAnimation":"walkRight","index":1}
{"pos":{"x":0.5445062518119812,"y":2.0162532329559328,"z":0.0},"currentAnimation":"walkRight","index":1}
{"pos":{"x":0.7118403315544128,"y":2.0162532329559328,"z":0.0},"currentAnimation":"walkRight","index":2}
{"pos":{"x":0.8791744112968445,"y":2.0162532329559328,"z":0.0},"currentAnimation":"walkRight","index":2}
{"pos":{"x":1.046508550643921,"y":2.0162532329559328,"z":0.0},"currentAnimation":"walkRight","index":0}
{"pos":{"x":1.2138426303863526,"y":2.0162532329559328,"z":0.0},"currentAnimation":"walkRight","index":0}
{"pos":{"x":1.3811767101287842,"y":2.0162532329559328,"z":0.0},"currentAnimation":"walkRight","index":1}
{"pos":{"x":1.5485107898712159,"y":2.0162532329559328,"z":0.0},"currentAnimation":"walkRight","index":1}
{"pos":{"x":1.7158448696136475,"y":2.0162532329559328,"z":0.0},"currentAnimation":"walkRight","index":1}
{"pos":{"x":1.7437338829040528,"y":1.8768080472946168,"z":0.0},"currentAnimation":"walkfront","index":0}
{"pos":{"x":1.7437338829040528,"y":1.709473967552185,"z":0.0},"currentAnimation":"walkfront","index":0}
{"pos":{"x":1.7437338829040528,"y":1.5421398878097535,"z":0.0},"currentAnimation":"walkfront","index":1}
{"pos":{"x":1.7617696523666382,"y":1.5142508745193482,"z":0.0},"currentAnimation":"walkRight","index":0}
{"pos":{"x":1.7617465257644654,"y":1.5142508745193482,"z":0.0},"currentAnimation":"walkRight","index":0}
{"pos":{"x":1.7617449760437012,"y":1.5142508745193482,"z":0.0},"currentAnimation":"walkRight","index":1}
{"pos":{"x":1.7617449760437012,"y":1.3748058080673218,"z":0.0},"currentAnimation":"walkfront","index":0}
{"pos":{"x":1.7617449760437012,"y":1.2074717283248902,"z":0.0},"currentAnimation":"walkfront","index":0}
{"pos":{"x":1.7617449760437012,"y":1.0401376485824586,"z":0.0},"currentAnimation":"walkfront","index":1}
{"pos":{"x":1.7617449760437012,"y":0.8728035092353821,"z":0.0},"currentAnimation":"walkfront","index":1}
{"pos":{"x":1.7617449760437012,"y":0.7054694294929504,"z":0.0},"currentAnimation":"walkfront","index":2}
{"pos":{"x":1.7617449760437012,"y":0.5381353497505188,"z":0.0},"currentAnimation":"walkfront","index":2}
{"pos":{"x":1.7617449760437012,"y":0.37080124020576479,"z":0.0},"currentAnimation":"walkfront","index":0}
{"pos":{"x":1.7617449760437012,"y":0.2034672051668167,"z":0.0},"currentAnimation":"walkfront","index":0}
{"pos":{"x":1.7617449760437012,"y":0.036133211106061938,"z":0.0},"currentAnimation":"walkfront","index":0}
{"pos":{"x":1.7617449760437012,"y":-0.13120077550411225,"z":0.0},"currentAnimation":"walkfront","index":1}
{"pos":{"x":1.7617449760437012,"y":-0.2985347509384155,"z":0.0},"currentAnimation":"walkfront","index":1}
{"pos":{"x":1.7617449760437012,"y":-0.4658688008785248,"z":0.0},"currentAnimation":"walkfront","index":2}
{"pos":{"x":1.5944108963012696,"y":-0.4658688008785248,"z":0.0},"currentAnimation":"walkleft","index":0}
{"pos":{"x":1.427076816558838,"y":-0.4658688008785248,"z":0.0},"currentAnimation":"walkleft","index":0}
{"pos":{"x":1.2597427368164063,"y":-0.4658688008785248,"z":0.0},"currentAnimation":"walkleft","index":1}
{"pos":{"x":1.0924086570739747,"y":-0.4658688008785248,"z":0.0},"currentAnimation":"walkleft","index":1}
{"pos":{"x":0.925074577331543,"y":-0.4658688008785248,"z":0.0},"currentAnimation":"walkleft","index":2}
{"pos":{"x":0.7856295108795166,"y":-0.4379797875881195,"z":0.0},"currentAnimation":"walkback","index":0}
{"pos":{"x":0.7856295108795166,"y":-0.27064573764801028,"z":0.0},"currentAnimation":"walkback","index":0}
{"pos":{"x":0.7856295108795166,"y":-0.18994081020355225,"z":0.0},"currentAnimation":"walkback","index":0}
{"pos":{"x":0.7856295108795166,"y":-0.190379798412323,"z":0.0},"currentAnimation":"walkback",