{"pos":{"x":-0.013273884542286396,"y":-0.006435823626816273,"z":0.0},"currentAnimation":"","index":0}
{"pos":{"x":-0.013273884542286396,"y":-0.006435823626816273,"z":0.0},"currentAnimation":"","index":0}
{"pos":{"x":-0.013273884542286396,"y":-0.006435823626816273,"z":0.0},"currentAnimation":"","index":0}
{"pos":{"x":-0.013273884542286396,"y":-0.1458808183670044,"z":0.0},"currentAnimation":"walkfront","index":0}
{"pos":{"x":-0.013273884542286396,"y":-0.31321483850479128,"z":0.0},"currentAnimation":"walkfront","index":0}
{"pos":{"x":-0.013273883610963822,"y":-0.4805488884449005,"z":0.0},"currentAnimation":"walkfront","index":1}
{"pos":{"x":-0.013273883610963822,"y":-0.6199939846992493,"z":0.0},"currentAnimation":"walkfront","index":1}
{"pos":{"x":0.12617111206054688,"y":-0.6478829979896545,"z":0.0},"currentAnimation":"walkRight","index":0}
{"pos":{"x":0.3213941156864166,"y":-0.6478829979896545,"z":0.0},"currentAnimation":"walkRight","index":0}
{"pos":{"x":0.4887281656265259,"y":-0.6478829979896545,"z":0.0},"currentAnimation":"walkRight","index":1}
{"pos":{"x":0.6560622453689575,"y":-0.6478829979896545,"z":0.0},"currentAnimation":"walkRight","index":1}
{"pos":{"x":0.7676182985305786,"y":-0.592104971408844,"z":0.0},"currentAnimation":"walkRight","index":2}
{"pos":{"x":0.7676182985305786,"y":-0.42477089166641238,"z":0.0},"currentAnimation":"walkback","index":0}
{"pos":{"x":0.7676182985305786,"y":-0.2574368119239807,"z":0.0},"currentAnimation":"walkback","index":0}
{"pos":{"x":0.7676182985305786,"y":-0.19038976728916169,"z":0.0},"currentAnimation":"walkback","index":1}
{"pos":{"x":0.7676182985305786,"y":-0.19039928913116456,"z":0.0},"currentAnimation":"walkback","index":1}
{"pos":{"x":0.7676182985305786,"y":-0.19039928913116456,"z":0.0},"currentAnimation":"backichy","index":0}
{"pos":{"x":0.7676182985305786,"y":-0.19039928913116456,"z":0.0},"currentAnimation":"backichy","index":0}
{"pos":{"x":0.7676182985305786,"y":-0.19039928913116456,"z":0.0},"currentAnimation":"backichy","index":1}
{"pos":{"x":0.7676182985305786,"y":-0.19039928913116456,"z":0.0},"currentAnimation":"backichy","index":1}
{"pos":{"x":0.7676182985305786,"y":-0.19039928913116456,"z":0.0},"currentAnimation":"backichy","index":0}
{"pos":{"x":0.7676182985305786,"y":-0.19039928913116456,"z":0.0},"currentAnimation":"backichy","index":0}
{"pos":{"x":0.7676182985305786,"y":-0.19039928913116456,"z":0.0},"currentAnimation":"backichy","index":0}
{"pos":{"x":0.7676182985305786,"y":-0.19039928913116456,"z":0.0},"currentAnimation":"backichy","index":0}
{"pos":{"x":0.7676182985305786,"y":-0.19039928913116456,"z":0.0},"currentAnimation":"backichy","index":0}
{"pos":{"x":0.7676182985305786,"y":-0.19039928913116456,"z":0.0},"currentAnimation":"backichy","index":0}
{"pos":{"x":0.7676182985305786,"y":-0.19039928913116456,"z":0.0},"currentAnimation":"backichy","index":0}
{"pos":{"x":0.7676182985305786,"y":-0.19039928913116456,"z":0.0},"currentAnimation":"backichy","index":1}
{"pos":{"x":0.7676182985305786,"y":-0.19039928913116456,"z":0.0},"currentAnimation":"backichy","index":1}
{"pos":{"x":0.7676182985305786,"y":-0.19039928913116456,"z":0.0},"currentAnimation":"backichy","index":1}
{"pos":{"x":0.7676182985305786,"y":-0.19039928913116456,"z":0.0},"currentAnimation":"backichy","index":0}
{"pos":{"x":0.7676182985305786,"y":-0.19039928913116456,"z":0.0},"currentAnimation":"backichy","index":0}
{"pos":{"x":0.7676182985305786,"y":-0.19039928913116456,"z":0.0},"currentAnimation":"backichy","index":0}
{"pos":{"x":0.7676182985305786,"y":-0.19039928913116456,"z":0.0},"currentAnimation":"backichy","index":0}
{"pos":{"x":0.7676182985305786,"y":-0.19039928913116456,"z":0.0},"currentAnimation":"backichy","index":0}
{"pos":{"x":0.7676182985305786,"y":-0.19039928913116456,"z":0.0},"currentAnimation":"backichy","index":0}
{"pos":{"x":0.7676182985305786,"y":-0.19039928913116456,"z":0.0},"currentAnimation":"backichy","index":1}
{"pos":{"x":0.7676182985305786,"y":-0.19039928913116456,"z":0.0},"currentAnimation":"backichy","index":1}
{"pos":{"x":0.7676182985305786,"y":-0.19039928913116456,"z":0.0},"currentAnimation":"backichy","index":0}
{"pos":{"x":0.7676182985305786,"y":-0.19039928913116456,"z":0.0},"currentAnimation":"backichy","index":0}
{"pos":{"x":0.7676182985305786,"y":-0.19039928913116456,"z":0.0},"currentAnimation":"backichy","index":1}
{"pos":{"x":0.7676182985305786,"y":-0.19039928913116456,"z":0.0},"currentAnimation":"backichy","index":1}
{"pos":{"x":0.7676182985305786,"y":-0.19039928913116456,"z":0.0},"currentAnimation":"backichy","index":0}
{"pos":{"x":0.7676182985305786,"y":-0.19039928913116456,"z":0.0},"currentAnimation":"backichy","index":0}
{"pos":{"x":0.7676182985305786,"y":-0.19039928913116456,"z":0.0},"currentAnimation":"backichy","index":0}
{"pos":{"x":0.7676182985305786,"y":-0.19039928913116456,"z":0.0},"currentAnimation":"backichy","index":1}
{"pos":{"x":0.7676182985305786,"y":-0.19039928913116456,"z":0.0},"currentAnimation":"backichy","index":1}
{"pos":{"x":0.7676182985305786,"y":-0.19039928913116456,"z":0.0},"currentAnimation":"backichy","index":0}
{"pos":{"x":0.7676182985305786,"y":-0.19039928913116456,"z":0.0},"currentAnimation":"backichy","index":0}
{"pos":{"x":0.7676182985305786,"y":-0.19039928913116456,"z":0.0},"currentAnimation":"backichy","index":1}
{"pos":{"x":0.7676182985305786,"y":-0.19039928913116456,"z":0.0},"currentAnimation":"backichy","index":1}
{"pos":{"x":0.7676182985305786,"y":-0.19039928913116456,"z":0.0},"currentAnimation":"backichy","index":0}
{"pos":{"x":0.7676182985305786,"y":-0.19039928913116456,"z":0.0},"currentAnimation":"backichy","index":0}
{"pos":{"x":0.7676182985305786,"y":-0.19039928913116456,"z":0.0},"currentAnimation":"backichy","index":0}
{"pos":{"x":0.7676182985305786,"y":-0.19039928913116456,"z":0.0},"currentAnimation":"backichy","index":1}
{"pos":{"x":0.7676182985305786,"y":-0.19039928913116456,"z":0.0},"currentAnimation":"backichy","index":1}
{"pos":{"x":0.7676182985305786,"y":-0.19039928913116456,"z":0.0},"currentAnimation":"backichy","index":0}
{"pos":{"x":0.7676182985305786,"y":-0.19039928913116456,"z":0.0},"currentAnimation":"backichy","index":0}
{"pos":{"x":0.7676182985305786,"y":-0.19039928913116456,"z":0.0},"currentAnimation":"backichy","index":1}
{"pos":{"x":0.7676182985305786,"y":-0.19039928913116456,"z":0.0},"currentAnimation":"backichy","index":1}
{"pos":{"x":0.7676182985305786,"y":-0.19039928913116456,"z":0.0},"currentAnimation":"backichy","index":0}
{"pos":{"x":0.7676182985305786,"y":-0.19039928913116456,"z":0.0},"currentAnimation":"backichy","index":0}
{"pos":{"x":0.7676182985305786,"y":-0.19039928913116456,"z":0.0},"currentAnimation":"backichy","index":0}
{"pos":{"x":0.7676182985305786,"y":-0.19039928913116456,"z":0.0},"currentAnimation":"backichy","index":1}
{"pos":{"x":0.7676182985305786,"y":-0.19039928913116456,"z":0.0},"currentAnimation":"backichy","index":1}
{"pos":{"x":0.6281732320785523,"y":-0.19039928913116456,"z":0.0},"currentAnimation":"walkleft","index":0}
{"pos":{"x":0.4887281656265259,"y":-0.19039928913116456,"z":0.0},"currentAnimation":"walkleft","index":0}
{"pos":{"x":0.29350513219833376,"y":-0.19039928913116456,"z":0.0},"currentAnimation":"walkleft","index":1}
{"pos":{"x":0.12617112696170808,"y":-0.19039928913116456,"z":0.0},"currentAnimation":"walkleft","index":1}
{"pos":{"x":0.01461513340473175,"y":-0.19039928913116456,"z":0.0},"currentAnimation":"walkleft","index":2}
{"pos":{"x":0.01461513340473175,"y":-0.19039928913116456,"z":0.0},"currentAnimation":"walkleft","index":2}
{"pos":{"x":0.01461513340473175,"y":-0.19039928913116456,"z":0.0},"currentAnimation":"walkleft","index":2}
{"pos":{"x":0.01461513340473175,"y":-0.19039928913116456,"z":0.0},"currentAnimation":"walkleft","index":2}
{"pos":{"x":0.18194912374019624,"y":-0.19039928913116456,"z":0.0},"currentAnimation":"walkRight","index":0}
{"pos":{"x":0.3492831885814667,"y":-0.19039928913116456,"z":0.0},"currentAnimation":"walkRight","index":0}
{"pos":{"x":0.5166172385215759,