{"pos":{"x":-0.013273884542286396,"y":-0.006435823626816273,"z":0.0},"currentAnimation":"","index":0}
{"pos":{"x":-0.013273884542286396,"y":-0.006435823626816273,"z":0.0},"currentAnimation":"","index":0}
{"pos":{"x":-0.013273884542286396,"y":-0.09010281413793564,"z":0.0},"currentAnimation":"walkfront","index":0}
{"pos":{"x":-0.013273884542286396,"y":-0.09010281413793564,"z":0.0},"currentAnimation":"walkfront","index":0}
{"pos":{"x":-0.013273884542286396,"y":-0.2574368119239807,"z":0.0},"currentAnimation":"walkfront","index":0}
{"pos":{"x":0.014615114778280259,"y":-0.34110385179519656,"z":0.0},"currentAnimation":"walkfront","index":0}
{"pos":{"x":0.18194910883903504,"y":-0.34110385179519656,"z":0.0},"currentAnimation":"walkRight","index":0}
{"pos":{"x":0.3492831289768219,"y":-0.34110385179519656,"z":0.0},"currentAnimation":"walkRight","index":0}
{"pos":{"x":0.5166171789169312,"y":-0.34110385179519656,"z":0.0},"currentAnimation":"walkRight","index":1}
{"pos":{"x":0.6839512586593628,"y":-0.34110385179519656,"z":0.0},"currentAnimation":"walkRight","index":1}
{"pos":{"x":0.7397292852401733,"y":-0.34110385179519656,"z":0.0},"currentAnimation":"walkRight","index":2}
{"pos":{"x":0.7397292852401733,"y":-0.34110385179519656,"z":0.0},"currentAnimation":"backichy","index":0}
{"pos":{"x":0.7397292852401733,"y":-0.34110385179519656,"z":0.0},"currentAnimation":"backichy","index":0}
{"pos":{"x":0.7397292852401733,"y":-0.34110385179519656,"z":0.0},"currentAnimation":"backichy","index":1}
{"pos":{"x":0.7397292852401733,"y":-0.34110385179519656,"z":0.0},"currentAnimation":"backichy","index":1}
{"pos":{"x":0.7397292852401733,"y":-0.34110385179519656,"z":0.0},"currentAnimation":"backichy","index":0}
{"pos":{"x":0.7397292852401733,"y":-0.34110385179519656,"z":0.0},"currentAnimation":"backichy","index":0}
{"pos":{"x":0.7397292852401733,"y":-0.34110385179519656,"z":0.0},"currentAnimation":"backichy","index":1}
{"pos":{"x":0.7397292852401733,"y":-0.34110385179519656,"z":0.0},"currentAnimation":"backichy","index":1}
{"pos":{"x":0.7397292852401733,"y":-0.34110385179519656,"z":0.0},"currentAnimation":"backichy","index":1}
{"pos":{"x":0.7397292852401733,"y":-0.34110385179519656,"z":0.0},"currentAnimation":"backichy","index":0}
{"pos":{"x":0.7397292852401733,"y":-0.34110385179519656,"z":0.0},"currentAnimation":"backichy","index":0}
{"pos":{"x":0.7397292852401733,"y":-0.34110385179519656,"z":0.0},"currentAnimation":"backichy","index":1}
{"pos":{"x":0.7397292852401733,"y":-0.34110385179519656,"z":0.0},"currentAnimation":"backichy","index":1}
{"pos":{"x":0.7397292852401733,"y":-0.34110385179519656,"z":0.0},"currentAnimation":"backichy","index":0}
{"pos":{"x":0.7397292852401733,"y":-0.34110385179519656,"z":0.0},"currentAnimation":"backichy","index":0}
{"pos":{"x":0.7397292852401733,"y":-0.34110385179519656,"z":0.0},"currentAnimation":"backichy","index":1}
{"pos":{"x":0.7397292852401733,"y":-0.34110385179519656,"z":0.0},"currentAnimation":"backichy","index":1}
{"pos":{"x":0.7397292852401733,"y":-0.34110385179519656,"z":0.0},"currentAnimation":"backichy","index":1}
{"pos":{"x":0.7397292852401733,"y":-0.34110385179519656,"z":0.0},"currentAnimation":"backichy","index":0}
{"pos":{"x":0.7397292852401733,"y":-0.34110385179519656,"z":0.0},"currentAnimation":"backichy","index":0}
{"pos":{"x":0.7397292852401733,"y":-0.34110385179519656,"z":0.0},"currentAnimation":"backichy","index":1}
{"pos":{"x":0.7397292852401733,"y":-0.34110385179519656,"z":0.0},"currentAnimation":"backichy","index":1}
{"pos":{"x":0.7397292852401733,"y":-0.34110385179519656,"z":0.0},"currentAnimation":"backichy","index":0}
{"pos":{"x":0.7397292852401733,"y":-0.34110385179519656,"z":0.0},"currentAnimation":"backichy","index":0}
{"pos":{"x":0.7397292852401733,"y":-0.34110385179519656,"z":0.0},"currentAnimation":"backichy","index":1}
{"pos":{"x":0.7397292852401733,"y":-0.34110385179519656,"z":0.0},"currentAnimation":"backichy","index":1}
{"pos":{"x":0.7397292852401733,"y":-0.34110385179519656,"z":0.0},"currentAnimation":"backichy","index":1}
{"pos":{"x":0.7397292852401733,"y":-0.34110385179519656,"z":0.0},"currentAnimation":"backichy","index":0}
{"pos":{"x":0.7397292852401733,"y":-0.34110385179519656,"z":0.0},"currentAnimation":"backichy","index":0}
{"pos":{"x":0.7397292852401733,"y":-0.34110385179519656,"z":0.0},"currentAnimation":"backichy","index":1}
{"pos":{"x":0.7397292852401733,"y":-0.34110385179519656,"z":0.0},"currentAnimation":"backichy","index":1}
{"pos":{"x":0.7397292852401733,"y":-0.34110385179519656,"z":0.0},"currentAnimation":"backichy","index":0}
{"pos":{"x":0.7397292852401733,"y":-0.34110385179519656,"z":0.0},"currentAnimation":"backichy","index":0}
{"pos":{"x":0.7397292852401733,"y":-0.34110385179519656,"z":0.0},"currentAnimation":"backichy","index":1}
{"pos":{"x":0.7397292852401733,"y":-0.34110385179519656,"z":0.0},"currentAnimation":"backichy","index":1}
{"pos":{"x":0.7397292852401733,"y":-0.34110385179519656,"z":0.0},"currentAnimation":"backichy","index":1}
{"pos":{"x":0.7397292852401733,"y":-0.34110385179519656,"z":0.0},"currentAnimation":"backichy","index":0}
{"pos":{"x":0.7397292852401733,"y":-0.34110385179519656,"z":0.0},"currentAnimation":"backichy","index":0}
{"pos":{"x":0.7397292852401733,"y":-0.34110385179519656,"z":0.0},"currentAnimation":"backichy","index":1}
{"pos":{"x":0.7397292852401733,"y":-0.34110385179519656,"z":0.0},"currentAnimation":"backichy","index":1}
{"pos":{"x":0.7397292852401733,"y":-0.34110385179519656,"z":0.0},"currentAnimation":"backichy","index":0}
{"pos":{"x":0.7397292852401733,"y":-0.34110385179519656,"z":0.0},"currentAnimation":"backichy","index":0}
{"pos":{"x":0.7397292852401733,"y":-0.34110385179519656,"z":0.0},"currentAnimation":"backichy","index":1}
{"pos":{"x":0.7397292852401733,"y":-0.34110385179519656,"z":0.0},"currentAnimation":"backichy","index":1}
{"pos":{"x":0.7397292852401733,"y":-0.34110385179519656,"z":0.0},"currentAnimation":"backichy","index":1}
{"pos":{"x":0.600284218788147,"y":-0.34110385179519656,"z":0.0},"currentAnimation":"walkleft","index":0}
{"pos":{"x":0.43295013904571535,"y":-0.34110385179519656,"z":0.0},"currentAnimation":"walkleft","index":0}
{"pos":{"x":0.2377271205186844,"y":-0.34110385179519656,"z":0.0},"currentAnimation":"walkleft","index":1}
{"pos":{"x":0.07039313018321991,"y":-0.34110385179519656,"z":0.0},"currentAnimation":"walkleft","index":1}
{"pos":{"x":-0.09694086015224457,"y":-0.34110385179519656,"z":0.0},"currentAnimation":"walkleft","index":2}
{"pos":{"x":-0.23638585209846497,"y":-0.34110385179519656,"z":0.0},"currentAnimation":"walkback","index":0}
{"pos":{"x":-0.2921638488769531,"y":-0.22954781353473664,"z":0.0},"currentAnimation":"walkback","index":0}
{"pos":{"x":-0.2921638488769531,"y":-0.06221381947398186,"z":0.0},"currentAnimation":"walkback","index":1}
{"pos":{"x":-0.2921638488769531,"y":0.1330091655254364,"z":0.0},"currentAnimation":"walkback","index":1}
{"pos":{"x":-0.180607870221138,"y":0.16089816391468049,"z":0.0},"currentAnimation":"walkRight","index":0}
{"pos":{"x":-0.013273879885673523,"y":0.16089816391468049,"z":0.0},"currentAnimation":"walkRight","index":0}
{"pos":{"x":0.18194907903671266,"y":0.16089816391468049,"z":0.0},"currentAnimation":"walkRight","index":1}
{"pos":{"x":0.26561611890792849,"y":0.21667616069316865,"z":0.0},"currentAnimation":"walkback","index":0}
{"pos":{"x":0.26561611890792849,"y":0.3840101957321167,"z":0.0},"currentAnimation":"walkback","index":0}
{"pos":{"x":0.26561611890792849,"y":0.5513442754745483,"z":0.0},"currentAnimation":"walkback","index":1}
{"pos":{"x":0.26561611890792849,"y":0.71867835521698,"z":0.0},"currentAnimation":"walkback","index":1}
{"pos":{"x":0.26561611890792849,"y":0.8860124349594116,"z":0.0},"currentAnimation":"walkback","index":2}
{"pos":{"x":0.26561611890792849,"y":1.0533465147018433,"z":0.0},"currentAnimation":"walkback","index":2}
{"pos":{"x":0.23772713541984559,"y":1.1927915811538697,"z":0.0},"currentAnimation":"walkleft","index":0}
{"pos":{"x":0.0703931450843811,