{"pos":{"x":-0.042643316090106967,"y":-0.020675547420978547,"z":0.0},"currentAnimation":"","index":0}
{"pos":{"x":-0.042643316090106967,"y":-0.020675547420978547,"z":0.0},"currentAnimation":"","index":0}
{"pos":{"x":-0.042643316090106967,"y":-0.020675547420978547,"z":0.0},"currentAnimation":"","index":0}
{"pos":{"x":-0.09842132031917572,"y":-0.020675547420978547,"z":0.0},"currentAnimation":"walkleft","index":0}
{"pos":{"x":-0.16535495221614839,"y":-0.020675547420978547,"z":0.0},"currentAnimation":"walkleft","index":0}
{"pos":{"x":-0.22113296389579774,"y":-0.020675549283623697,"z":0.0},"currentAnimation":"walkleft","index":1}
{"pos":{"x":-0.2992222011089325,"y":-0.020675549283623697,"z":0.0},"currentAnimation":"walkleft","index":1}
{"pos":{"x":-0.36615583300590517,"y":-0.020675551146268846,"z":0.0},"currentAnimation":"walkleft","index":2}
{"pos":{"x":-0.4330894649028778,"y":-0.020675551146268846,"z":0.0},"currentAnimation":"walkleft","index":2}
{"pos":{"x":-0.5000230669975281,"y":-0.020675551146268846,"z":0.0},"currentAnimation":"walkleft","index":0}
{"pos":{"x":-0.5669566988945007,"y":-0.020675551146268846,"z":0.0},"currentAnimation":"walkleft","index":0}
{"pos":{"x":-0.6338903307914734,"y":-0.020675551146268846,"z":0.0},"currentAnimation":"walkleft","index":0}
{"pos":{"x":-0.7008239030838013,"y":-0.020675549283623697,"z":0.0},"currentAnimation":"walkback","index":0}
{"pos":{"x":-0.7119795083999634,"y":0.03510244935750961,"z":0.0},"currentAnimation":"walkback","index":0}
{"pos":{"x":-0.7119795083999634,"y":0.10203604400157929,"z":0.0},"currentAnimation":"walkback","index":0}
{"pos":{"x":-0.7119795083999634,"y":0.16896967589855195,"z":0.0},"currentAnimation":"walkback","index":1}
{"pos":{"x":-0.7119795083999634,"y":0.2359033077955246,"z":0.0},"currentAnimation":"walkback","index":1}
{"pos":{"x":-0.7119795083999634,"y":0.30283692479133608,"z":0.0},"currentAnimation":"walkback","index":2}
{"pos":{"x":-0.7119795083999634,"y":0.3697705566883087,"z":0.0},"currentAnimation":"walkback","index":2}
{"pos":{"x":-0.6673570871353149,"y":0.39208176732063296,"z":0.0},"currentAnimation":"walkRight","index":0}
{"pos":{"x":-0.6004234552383423,"y":0.39208176732063296,"z":0.0},"currentAnimation":"walkRight","index":0}
{"pos":{"x":-0.5334898233413696,"y":0.39208173751831057,"z":0.0},"currentAnimation":"walkRight","index":1}
{"pos":{"x":-0.4888674020767212,"y":0.36977052688598635,"z":0.0},"currentAnimation":"walkfront","index":0}
{"pos":{"x":-0.4888674020767212,"y":0.30283689498901369,"z":0.0},"currentAnimation":"walkfront","index":0}
{"pos":{"x":-0.4888674020767212,"y":0.23590326309204102,"z":0.0},"currentAnimation":"walkfront","index":0}
{"pos":{"x":-0.4888674020767212,"y":0.18012522161006928,"z":0.0},"currentAnimation":"walkfront","index":1}
{"pos":{"x":-0.5334898233413696,"y":0.15781401097774507,"z":0.0},"currentAnimation":"walkleft","index":0}
{"pos":{"x":-0.6004234552383423,"y":0.15781401097774507,"z":0.0},"currentAnimation":"walkleft","index":0}
{"pos":{"x":-0.6673570871353149,"y":0.15781401097774507,"z":0.0},"currentAnimation":"walkleft","index":1}
{"pos":{"x":-0.7342907190322876,"y":0.15781401097774507,"z":0.0},"currentAnimation":"walkleft","index":1}
{"pos":{"x":-0.8012243509292603,"y":0.15781401097774507,"z":0.0},"currentAnimation":"walkleft","index":2}
{"pos":{"x":-0.8681579828262329,"y":0.15781401097774507,"z":0.0},"currentAnimation":"walkleft","index":2}
{"pos":{"x":-0.9350916147232056,"y":0.15781401097774507,"z":0.0},"currentAnimation":"walkleft","index":2}
{"pos":{"x":-1.0020252466201783,"y":0.15781401097774507,"z":0.0},"currentAnimation":"walkleft","index":0}
{"pos":{"x":-1.0689588785171509,"y":0.15781401097774507,"z":0.0},"currentAnimation":"walkleft","index":0}
{"pos":{"x":-1.080114483833313,"y":0.15781401097774507,"z":0.0},"currentAnimation":"nodleft","index":0}
{"pos":{"x":-1.080114483833313,"y":0.15781401097774507,"z":0.0},"currentAnimation":"nodleft","index":0}
{"pos":{"x":-1.080114483833313,"y":0.15781401097774507,"z":0.0},"currentAnimation":"nodleft","index":1}
{"pos":{"x":-1.080114483833313,"y":0.15781401097774507,"z":0.0},"currentAnimation":"nodleft","index":1}
{"pos":{"x":-1.080114483833313,"y":0.15781401097774507,"z":0.0},"currentAnimation":"nodleft","index":0}
{"pos":{"x":-1.080114483833313,"y":0.15781401097774507,"z":0.0},"currentAnimation":"nodleft","index":0}
{"pos":{"x":-1.080114483833313,"y":0.15781401097774507,"z":0.0},"currentAnimation":"nodleft","index":0}
{"pos":{"x":-1.080114483833313,"y":0.15781401097774507,"z":0.0},"currentAnimation":"nodleft","index":1}
{"pos":{"x":-1.080114483833313,"y":0.15781401097774507,"z":0.0},"currentAnimation":"nodleft","index":1}
{"pos":{"x":-1.1247369050979615,"y":0.15781401097774507,"z":0.0},"currentAnimation":"walkleft","index":0}
{"pos":{"x":-1.191670536994934,"y":0.15781401097774507,"z":0.0},"currentAnimation":"walkleft","index":0}
{"pos":{"x":-1.2586041688919068,"y":0.15781401097774507,"z":0.0},"currentAnimation":"walkleft","index":1}
{"pos":{"x":-1.3143821954727173,"y":0.15781401097774507,"z":0.0},"currentAnimation":"walkleft","index":1}
{"pos":{"x":-1.38131582736969,"y":0.15781401097774507,"z":0.0},"currentAnimation":"walkleft","index":2}
{"pos":{"x":-1.4482494592666627,"y":0.15781401097774507,"z":0.0},"currentAnimation":"walkleft","index":2}
{"pos":{"x":-1.5151830911636353,"y":0.15781401097774507,"z":0.0},"currentAnimation":"walkleft","index":2}
{"pos":{"x":-1.582116723060608,"y":0.15781401097774507,"z":0.0},"currentAnimation":"walkleft","index":0}
{"pos":{"x":-1.6490503549575806,"y":0.15781401097774507,"z":0.0},"currentAnimation":"walkleft","index":0}
{"pos":{"x":-1.7159839868545533,"y":0.15781401097774507,"z":0.0},"currentAnimation":"walkleft","index":1}
{"pos":{"x":-1.7717620134353638,"y":0.15781401097774507,"z":0.0},"currentAnimation":"walkleft","index":1}
{"pos":{"x":-1.7829176187515259,"y":0.15781401097774507,"z":0.0},"currentAnimation":"walkleft","index":2}
{"pos":{"x":-1.8026043176651,"y":0.15781401097774507,"z":0.0},"currentAnimation":"walkback","index":0}
{"pos":{"x":-1.7720972299575806,"y":0.15781401097774507,"z":0.0},"currentAnimation":"walkleft","index":0}
{"pos":{"x":-1.7720766067504883,"y":0.15781401097774507,"z":0.0},"currentAnimation":"walkleft","index":0}
{"pos":{"x":-1.7720755338668824,"y":0.2024364322423935,"z":0.0},"currentAnimation":"walkback","index":0}
{"pos":{"x":-1.7720755338668824,"y":0.26937004923820498,"z":0.0},"currentAnimation":"walkback","index":0}
{"pos":{"x":-1.7720755338668824,"y":0.3363036811351776,"z":0.0},"currentAnimation":"walkback","index":1}
{"pos":{"x":-1.7720755338668824,"y":0.40323731303215029,"z":0.0},"currentAnimation":"walkback","index":1}
{"pos":{"x":-1.7720755338668824,"y":0.4701709449291229,"z":0.0},"currentAnimation":"walkback","index":2}
{"pos":{"x":-1.772102952003479,"y":0.5036377310752869,"z":0.0},"currentAnimation":"walkleft","index":0}
{"pos":{"x":-1.772076964378357,"y":0.5036377310752869,"z":0.0},"currentAnimation":"walkleft","index":0}
{"pos":{"x":-1.7720751762390137,"y":0.5036377310752869,"z":0.0},"currentAnimation":"walkleft","index":1}
{"pos":{"x":-1.7720751762390137,"y":0.5036377310752869,"z":0.0},"currentAnimation":"walkleft","index":1}
{"pos":{"x":-1.7720751762390137,"y":0.5036377310752869,"z":0.0},"currentAnimation":"walkleft","index":2}
{"pos":{"x":-1.8042938709259034,"y":0.5371045470237732,"z":0.0},"currentAnimation":"walkback","index":0}
{"pos":{"x":-1.8042938709259034,"y":0.6040381789207459,"z":0.0},"currentAnimation":"walkback","index":0}
{"pos":{"x":-1.8042938709259034,"y":0.6598162055015564,"z":0.0},"currentAnimation":"walkback","index":1}
{"pos":{"x":-1.8042938709259034,"y":0.726749837398529,"z":0.0},"currentAnimation":"walkback","index":1}
{"pos":{"x":-1.8042938709259034,"y":0.7936834692955017,"z":0.0},"currentAnimation":"walkback","index":2}
{"pos":{"x":-1.8042938709259034,"y":0.8606171011924744,"z":0.0},"currentAnimation":"walkback","index":2}
{"pos":{"x":-1.8042938709259034,"y":0.927550733089447,"z":0.0},