{"pos":{"x":-0.6299999952316284,"y":0.0,"z":0.0},"currentAnimation":"","index":0}
{"pos":{"x":-0.6299999952316284,"y":0.0,"z":0.0},"currentAnimation":"","index":0}
{"pos":{"x":-0.6299999952316284,"y":0.0,"z":0.0},"currentAnimation":"","index":0}
{"pos":{"x":-0.6299999952316284,"y":0.0,"z":0.0},"currentAnimation":"","index":0}
{"pos":{"x":-0.6299999952316284,"y":0.0,"z":0.0},"currentAnimation":"","index":0}
{"pos":{"x":-0.6299999952316284,"y":0.0,"z":0.0},"currentAnimation":"","index":0}
{"pos":{"x":-0.6299999952316284,"y":0.0,"z":0.0},"currentAnimation":"","index":0}
{"pos":{"x":-0.6299999952316284,"y":0.0,"z":0.0},"currentAnimation":"","index":0}
{"pos":{"x":-0.6299999952316284,"y":0.0,"z":0.0},"currentAnimation":"","index":0}
{"pos":{"x":-0.6411556005477905,"y":0.0,"z":0.0},"currentAnimation":"","index":0}
{"pos":{"x":-0.7080892324447632,"y":0.0,"z":0.0},"currentAnimation":"walkleft","index":0}
{"pos":{"x":-0.7750228643417358,"y":0.0,"z":0.0},"currentAnimation":"walkleft","index":0}
{"pos":{"x":-0.8419564962387085,"y":0.0,"z":0.0},"currentAnimation":"walkleft","index":1}
{"pos":{"x":-0.9088901281356812,"y":0.0,"z":0.0},"currentAnimation":"walkleft","index":1}
{"pos":{"x":-0.9758237600326538,"y":0.0,"z":0.0},"currentAnimation":"walkleft","index":2}
{"pos":{"x":-1.0427573919296265,"y":0.0,"z":0.0},"currentAnimation":"walkleft","index":2}
{"pos":{"x":-1.1096910238265992,"y":0.0,"z":0.0},"currentAnimation":"walkleft","index":0}
{"pos":{"x":-1.1766246557235718,"y":0.0,"z":0.0},"currentAnimation":"walkleft","index":0}
{"pos":{"x":-1.2435582876205445,"y":0.0,"z":0.0},"currentAnimation":"walkleft","index":1}
{"pos":{"x":-1.310491919517517,"y":0.0,"z":0.0},"currentAnimation":"walkback","index":0}
{"pos":{"x":-1.3774255514144898,"y":0.0,"z":0.0},"currentAnimation":"walkback","index":0}
{"pos":{"x":-1.3774255514144898,"y":0.06693358719348908,"z":0.0},"currentAnimation":"walkback","index":1}
{"pos":{"x":-1.3774255514144898,"y":0.12271156907081604,"z":0.0},"currentAnimation":"walkback","index":1}
{"pos":{"x":-1.3774255514144898,"y":0.1896452009677887,"z":0.0},"currentAnimation":"walkback","index":2}
{"pos":{"x":-1.3774255514144898,"y":0.25657883286476138,"z":0.0},"currentAnimation":"walkback","index":2}
{"pos":{"x":-1.3774255514144898,"y":0.323512464761734,"z":0.0},"currentAnimation":"walkback","index":0}
{"pos":{"x":-1.3774255514144898,"y":0.39044609665870669,"z":0.0},"currentAnimation":"walkback","index":0}
{"pos":{"x":-1.399736762046814,"y":0.4350685179233551,"z":0.0},"currentAnimation":"walkleft","index":0}
{"pos":{"x":-1.4666703939437867,"y":0.4350685179233551,"z":0.0},"currentAnimation":"walkleft","index":0}
{"pos":{"x":-1.5336040258407593,"y":0.4350685179233551,"z":0.0},"currentAnimation":"walkleft","index":0}
{"pos":{"x":-1.600537657737732,"y":0.4350685179233551,"z":0.0},"currentAnimation":"walkleft","index":1}
{"pos":{"x":-1.600537657737732,"y":0.5020021200180054,"z":0.0},"currentAnimation":"walkback","index":0}
{"pos":{"x":-1.600537657737732,"y":0.568935751914978,"z":0.0},"currentAnimation":"walkback","index":0}
{"pos":{"x":-1.600537657737732,"y":0.6358693838119507,"z":0.0},"currentAnimation":"walkback","index":1}
{"pos":{"x":-1.600537657737732,"y":0.7028030157089233,"z":0.0},"currentAnimation":"walkback","index":1}
{"pos":{"x":-1.600537657737732,"y":0.769736647605896,"z":0.0},"currentAnimation":"walkback","index":2}
{"pos":{"x":-1.600537657737732,"y":0.8366702795028687,"z":0.0},"currentAnimation":"walkback","index":2}
{"pos":{"x":-1.600537657737732,"y":0.9036039113998413,"z":0.0},"currentAnimation":"walkback","index":0}
{"pos":{"x":-1.600537657737732,"y":0.970537543296814,"z":0.0},"currentAnimation":"walkback","index":0}
{"pos":{"x":-1.600537657737732,"y":1.0374711751937867,"z":0.0},"currentAnimation":"walkback","index":1}
{"pos":{"x":-1.600537657737732,"y":1.1044048070907593,"z":0.0},"currentAnimation":"walkback","index":1}
{"pos":{"x":-1.600537657737732,"y":1.171338438987732,"z":0.0},"currentAnimation":"walkback","index":1}
{"pos":{"x":-1.600537657737732,"y":1.2382720708847047,"z":0.0},"currentAnimation":"walkback","index":2}
{"pos":{"x":-1.600537657737732,"y":1.3163613080978394,"z":0.0},"currentAnimation":"walkback","index":2}
{"pos":{"x":-1.600537657737732,"y":1.383294939994812,"z":0.0},"currentAnimation":"walkback","index":0}
{"pos":{"x":-1.600537657737732,"y":1.4502285718917847,"z":0.0},"currentAnimation":"walkback","index":0}
{"pos":{"x":-1.600537657737732,"y":1.5171622037887574,"z":0.0},"currentAnimation":"walkback","index":1}
{"pos":{"x":-1.5670708417892457,"y":1.5506290197372437,"z":0.0},"currentAnimation":"walkRight","index":0}
{"pos":{"x":-1.500137209892273,"y":1.5506290197372437,"z":0.0},"currentAnimation":"walkRight","index":0}
{"pos":{"x":-1.4332035779953004,"y":1.5506290197372437,"z":0.0},"currentAnimation":"walkRight","index":1}
{"pos":{"x":-1.3662699460983277,"y":1.5506290197372437,"z":0.0},"currentAnimation":"walkRight","index":1}
{"pos":{"x":-1.299336314201355,"y":1.5506290197372437,"z":0.0},"currentAnimation":"walkRight","index":1}
{"pos":{"x":-1.2324026823043824,"y":1.5506290197372437,"z":0.0},"currentAnimation":"walkRight","index":2}
{"pos":{"x":-1.1766246557235718,"y":1.5506290197372437,"z":0.0},"currentAnimation":"walkRight","index":2}
{"pos":{"x":-1.1096910238265992,"y":1.5506290197372437,"z":0.0},"currentAnimation":"walkRight","index":0}
{"pos":{"x":-1.0539129972457886,"y":1.5506290197372437,"z":0.0},"currentAnimation":"walkRight","index":0}
{"pos":{"x":-1.0539129972457886,"y":1.5506290197372437,"z":0.0},"currentAnimation":"walkRight","index":0}
{"pos":{"x":-1.0539129972457886,"y":1.5506290197372437,"z":0.0},"currentAnimation":"walkRight","index":0}
{"pos":{"x":-0.9869793653488159,"y":1.5506290197372437,"z":0.0},"currentAnimation":"walkRight","index":1}
{"pos":{"x":-0.9200457334518433,"y":1.5506290197372437,"z":0.0},"currentAnimation":"walkRight","index":1}
{"pos":{"x":-0.8531121015548706,"y":1.5506290197372437,"z":0.0},"currentAnimation":"walkRight","index":2}
{"pos":{"x":-0.786178469657898,"y":1.5506290197372437,"z":0.0},"currentAnimation":"walkRight","index":2}
{"pos":{"x":-0.7192448377609253,"y":1.5506290197372437,"z":0.0},"currentAnimation":"walkRight","index":2}
{"pos":{"x":-0.6523112058639526,"y":1.5506290197372437,"z":0.0},"currentAnimation":"walkRight","index":0}
{"pos":{"x":-0.58537757396698,"y":1.5506290197372437,"z":0.0},"currentAnimation":"walkRight","index":0}
{"pos":{"x":-0.5184439420700073,"y":1.5506290197372437,"z":0.0},"currentAnimation":"walkRight","index":1}
{"pos":{"x":-0.45151031017303469,"y":1.5506290197372437,"z":0.0},"currentAnimation":"walkRight","index":1}
{"pos":{"x":-0.41804349422454836,"y":1.58409583568573,"z":0.0},"currentAnimation":"walkback","index":0}
{"pos":{"x":-0.41804349422454836,"y":1.6510294675827027,"z":0.0},"currentAnimation":"walkback","index":0}
{"pos":{"x":-0.41804349422454836,"y":1.7179630994796754,"z":0.0},"currentAnimation":"walkback","index":1}
{"pos":{"x":-0.384576678276062,"y":1.7179630994796754,"z":0.0},"currentAnimation":"walkRight","index":0}
{"pos":{"x":-0.31764304637908938,"y":1.7179630994796754,"z":0.0},"currentAnimation":"walkRight","index":0}
{"pos":{"x":-0.2507094144821167,"y":1.7179630994796754,"z":0.0},"currentAnimation":"walkRight","index":1}
{"pos":{"x":-0.18377578258514405,"y":1.7179630994796754,"z":0.0},"currentAnimation":"walkRight","index":1}
{"pos":{"x":-0.11684215813875199,"y":1.7179630994796754,"z":0.0},"currentAnimation":"walkRight","index":2}
{"pos":{"x":-0.08337536454200745,"y":1.7514299154281617,"z":0.0},"currentAnimation":"walkback","index":0}
{"pos":{"x":-0.08337536454200745,"y":1.8183635473251343,"z":0.0},"currentAnimation":"walkback","index":0}
{"pos":{"x":-0.08337536454200745,"y":1.885297179222107,"z":0.0},"currentAnimation":"walkback","index":1}
{"pos":{"x":-0.08337536454200745,"y":1.9522308111190797,"z":0.0},"currentAnimation":"walkback","index":1}
{"pos":{"x":-0.08337536454200745,"y":1.993546962738037,"z":0.0},"currentAnimation":"walkback",