{"pos":{"x":-0.042643316090106967,"y":-0.020675547420978547,"z":0.0},"currentAnimation":"","index":0}
{"pos":{"x":-0.042643316090106967,"y":-0.020675547420978547,"z":0.0},"currentAnimation":"","index":0}
{"pos":{"x":-0.042643316090106967,"y":-0.020675547420978547,"z":0.0},"currentAnimation":"","index":0}
{"pos":{"x":-0.042643316090106967,"y":-0.020675547420978547,"z":0.0},"currentAnimation":"","index":0}
{"pos":{"x":-0.042643316090106967,"y":-0.020675547420978547,"z":0.0},"currentAnimation":"","index":0}
{"pos":{"x":-0.042643316090106967,"y":-0.020675547420978547,"z":0.0},"currentAnimation":"","index":0}
{"pos":{"x":-0.042643316090106967,"y":-0.020675547420978547,"z":0.0},"currentAnimation":"","index":0}
{"pos":{"x":-0.042643316090106967,"y":-0.020675547420978547,"z":0.0},"currentAnimation":"","index":0}
{"pos":{"x":-0.09842132031917572,"y":-0.020675547420978547,"z":0.0},"currentAnimation":"walkleft","index":0}
{"pos":{"x":-0.16535495221614839,"y":-0.020675547420978547,"z":0.0},"currentAnimation":"walkleft","index":0}
{"pos":{"x":-0.23228856921195985,"y":-0.020675549283623697,"z":0.0},"currentAnimation":"walkleft","index":1}
{"pos":{"x":-0.2992222011089325,"y":-0.020675549283623697,"z":0.0},"currentAnimation":"walkleft","index":1}
{"pos":{"x":-0.36615583300590517,"y":-0.020675551146268846,"z":0.0},"currentAnimation":"walkleft","index":2}
{"pos":{"x":-0.4330894649028778,"y":-0.020675551146268846,"z":0.0},"currentAnimation":"walkleft","index":2}
{"pos":{"x":-0.5000230669975281,"y":-0.020675551146268846,"z":0.0},"currentAnimation":"walkleft","index":2}
{"pos":{"x":-0.5446454882621765,"y":0.001635648775845766,"z":0.0},"currentAnimation":"walkback","index":0}
{"pos":{"x":-0.5446454882621765,"y":0.06856924295425415,"z":0.0},"currentAnimation":"walkback","index":0}
{"pos":{"x":-0.5446454882621765,"y":0.13550284504890443,"z":0.0},"currentAnimation":"walkback","index":1}
{"pos":{"x":-0.5781123042106628,"y":0.16896966099739076,"z":0.0},"currentAnimation":"walkback","index":1}
{"pos":{"x":-0.6450459361076355,"y":0.16896966099739076,"z":0.0},"currentAnimation":"walkleft","index":0}
{"pos":{"x":-0.6785127520561218,"y":0.20243647694587708,"z":0.0},"currentAnimation":"walkback","index":0}
{"pos":{"x":-0.6785127520561218,"y":0.26937010884284975,"z":0.0},"currentAnimation":"walkback","index":0}
{"pos":{"x":-0.6785127520561218,"y":0.3251481354236603,"z":0.0},"currentAnimation":"walkback","index":1}
{"pos":{"x":-0.6785127520561218,"y":0.39208176732063296,"z":0.0},"currentAnimation":"walkback","index":1}
{"pos":{"x":-0.6338903307914734,"y":0.41439297795295718,"z":0.0},"currentAnimation":"walkRight","index":0}
{"pos":{"x":-0.5669566988945007,"y":0.41439297795295718,"z":0.0},"currentAnimation":"walkRight","index":0}
{"pos":{"x":-0.5558010935783386,"y":0.4701710045337677,"z":0.0},"currentAnimation":"walkRight","index":0}
{"pos":{"x":-0.48886746168136599,"y":0.4701710045337677,"z":0.0},"currentAnimation":"walkRight","index":0}
{"pos":{"x":-0.44424504041671755,"y":0.4924822151660919,"z":0.0},"currentAnimation":"walkRight","index":0}
{"pos":{"x":-0.3773114085197449,"y":0.4924822151660919,"z":0.0},"currentAnimation":"walkRight","index":0}
{"pos":{"x":-0.33268898725509646,"y":0.5259490013122559,"z":0.0},"currentAnimation":"walkback","index":0}
{"pos":{"x":-0.2657553553581238,"y":0.5259490013122559,"z":0.0},"currentAnimation":"walkRight","index":0}
{"pos":{"x":-0.24344414472579957,"y":0.5705714225769043,"z":0.0},"currentAnimation":"walkback","index":0}
{"pos":{"x":-0.187666118144989,"y":0.5817270278930664,"z":0.0},"currentAnimation":"walkRight","index":0}
{"pos":{"x":-0.12073253095149994,"y":0.5817270278930664,"z":0.0},"currentAnimation":"walkRight","index":0}
{"pos":{"x":-0.05379895865917206,"y":0.5817270278930664,"z":0.0},"currentAnimation":"walkRight","index":1}
{"pos":{"x":0.013134628534317017,"y":0.5817270278930664,"z":0.0},"currentAnimation":"walkRight","index":1}
{"pos":{"x":0.02429022639989853,"y":0.6040382385253906,"z":0.0},"currentAnimation":"walkback","index":0}
{"pos":{"x":0.02429022639989853,"y":0.6709718704223633,"z":0.0},"currentAnimation":"walkback","index":0}
{"pos":{"x":0.02429022639989853,"y":0.7379055023193359,"z":0.0},"currentAnimation":"walkback","index":0}
{"pos":{"x":0.02429022639989853,"y":0.8048391342163086,"z":0.0},"currentAnimation":"walkback","index":1}
{"pos":{"x":0.02429022639989853,"y":0.8717727661132813,"z":0.0},"currentAnimation":"walkback","index":1}
{"pos":{"x":0.02429022639989853,"y":0.9275507926940918,"z":0.0},"currentAnimation":"walkback","index":2}
{"pos":{"x":0.02429022639989853,"y":0.9944844245910645,"z":0.0},"currentAnimation":"walkback","index":2}
{"pos":{"x":0.02429022639989853,"y":1.061418056488037,"z":0.0},"currentAnimation":"walkback","index":0}
{"pos":{"x":0.02429022639989853,"y":1.1171960830688477,"z":0.0},"currentAnimation":"walkback","index":0}
{"pos":{"x":0.02429022639989853,"y":1.1171960830688477,"z":0.0},"currentAnimation":"walkback","index":0}
{"pos":{"x":0.02429022639989853,"y":1.1171960830688477,"z":0.0},"currentAnimation":"walkback","index":0}
{"pos":{"x":0.02429022639989853,"y":1.1171960830688477,"z":0.0},"currentAnimation":"walkback","index":0}
{"pos":{"x":0.02429022639989853,"y":1.1171960830688477,"z":0.0},"currentAnimation":"walkback","index":0}
{"pos":{"x":0.02429022639989853,"y":1.1171960830688477,"z":0.0},"currentAnimation":"walkback","index":0}
{"pos":{"x":0.02429022639989853,"y":1.1171960830688477,"z":0.0},"currentAnimation":"walkback","index":0}
{"pos":{"x":0.02429022639989853,"y":1.1171960830688477,"z":0.0},"currentAnimation":"walkback","index":0}
{"pos":{"x":0.02429022639989853,"y":1.1171960830688477,"z":0.0},"currentAnimation":"walkback","index":0}
{"pos":{"x":0.02429022639989853,"y":1.1171960830688477,"z":0.0},"currentAnimation":"walkback","index":0}
{"pos":{"x":0.02429022639989853,"y":1.1171960830688477,"z":0.0},"currentAnimation":"walkback","index":0}
{"pos":{"x":0.02429022639989853,"y":1.1171960830688477,"z":0.0},"currentAnimation":"walkback","index":0}
{"pos":{"x":0.02429022639989853,"y":1.1171960830688477,"z":0.0},"currentAnimation":"walkback","index":0}
{"pos":{"x":0.02429022639989853,"y":1.1171960830688477,"z":0.0},"currentAnimation":"walkback","index":0}
{"pos":{"x":0.02429022639989853,"y":1.1171960830688477,"z":0.0},"currentAnimation":"walkback","index":0}
{"pos":{"x":0.02429022639989853,"y":1.1171960830688477,"z":0.0},"currentAnimation":"walkback","index":0}
{"pos":{"x":0.02429022639989853,"y":1.1171960830688477,"z":0.0},"currentAnimation":"walkback","index":0}
{"pos":{"x":0.02429022639989853,"y":1.1171960830688477,"z":0.0},"currentAnimation":"walkback","index":0}
{"pos":{"x":0.02429022639989853,"y":1.1171960830688477,"z":0.0},"currentAnimation":"walkback","index":0}
{"pos":{"x":0.02429022639989853,"y":1.1171960830688477,"z":0.0},"currentAnimation":"walkback","index":0}
{"pos":{"x":0.02429022639989853,"y":1.1171960830688477,"z":0.0},"currentAnimation":"walkback","index":0}
{"pos":{"x":0.02429022639989853,"y":1.1171960830688477,"z":0.0},"currentAnimation":"walkback","index":0}
{"pos":{"x":0.02429022639989853,"y":1.1171960830688477,"z":0.0},"currentAnimation":"walkback","index":0}
{"pos":{"x":0.02429022639989853,"y":1.1171960830688477,"z":0.0},"currentAnimation":"walkback","index":0}
{"pos":{"x":0.02429022639989853,"y":1.1171960830688477,"z":0.0},"currentAnimation":"walkback","index":0}
{"pos":{"x":0.02429022639989853,"y":1.1171960830688477,"z":0.0},"currentAnimation":"walkback","index":0}
{"pos":{"x":0.02429022639989853,"y":1.1171960830688477,"z":0.0},"currentAnimation":"walkback","index":0}
{"pos":{"x":0.02429022639989853,"y":1.1171960830688477,"z":0.0},"currentAnimation":"walkback","index":0}
{"pos":{"x":0.02429022639989853,"y":1.1171960830688477,"z":0.0},"currentAnimation":"walkback","index":0}
{"pos":{"x":0.02429022639989853,"y":1.1171960830688477,"z":0.0},"currentAnimation":"walkback","index":0}
{"pos":{"x":0.02429022639989853,"y":1.1171960830688477,"z":0.0},"currentAnimation":"walkback",