{"pos":{"x":-0.042643316090106967,"y":-0.020675547420978547,"z":0.0},"currentAnimation":"","index":0}
{"pos":{"x":-0.042643316090106967,"y":-0.020675547420978547,"z":0.0},"currentAnimation":"","index":0}
{"pos":{"x":-0.042643316090106967,"y":-0.020675547420978547,"z":0.0},"currentAnimation":"","index":0}
{"pos":{"x":-0.042643316090106967,"y":-0.020675547420978547,"z":0.0},"currentAnimation":"","index":0}
{"pos":{"x":-0.042643316090106967,"y":-0.020675547420978547,"z":0.0},"currentAnimation":"","index":0}
{"pos":{"x":-0.042643316090106967,"y":-0.020675547420978547,"z":0.0},"currentAnimation":"","index":0}
{"pos":{"x":-0.042643316090106967,"y":-0.020675547420978547,"z":0.0},"currentAnimation":"","index":0}
{"pos":{"x":-0.09842132031917572,"y":-0.020675547420978547,"z":0.0},"currentAnimation":"walkleft","index":0}
{"pos":{"x":-0.16535495221614839,"y":-0.020675547420978547,"z":0.0},"currentAnimation":"walkleft","index":0}
{"pos":{"x":-0.23228856921195985,"y":-0.020675549283623697,"z":0.0},"currentAnimation":"walkleft","index":1}
{"pos":{"x":-0.2992222011089325,"y":-0.020675549283623697,"z":0.0},"currentAnimation":"walkleft","index":1}
{"pos":{"x":-0.36615583300590517,"y":-0.020675551146268846,"z":0.0},"currentAnimation":"walkleft","index":2}
{"pos":{"x":-0.4330894649028778,"y":-0.020675551146268846,"z":0.0},"currentAnimation":"walkleft","index":2}
{"pos":{"x":-0.4442450702190399,"y":0.035102445632219318,"z":0.0},"currentAnimation":"walkback","index":0}
{"pos":{"x":-0.4442450702190399,"y":0.10203603655099869,"z":0.0},"currentAnimation":"walkback","index":0}
{"pos":{"x":-0.4442450702190399,"y":0.16896966099739076,"z":0.0},"currentAnimation":"walkback","index":1}
{"pos":{"x":-0.455400675535202,"y":0.2247476875782013,"z":0.0},"currentAnimation":"walkback","index":1}
{"pos":{"x":-0.5223343372344971,"y":0.2247476875782013,"z":0.0},"currentAnimation":"walkleft","index":0}
{"pos":{"x":-0.5892679691314697,"y":0.2247476875782013,"z":0.0},"currentAnimation":"walkleft","index":0}
{"pos":{"x":-0.6562016010284424,"y":0.2247476875782013,"z":0.0},"currentAnimation":"walkleft","index":1}
{"pos":{"x":-0.6785128116607666,"y":0.26937010884284975,"z":0.0},"currentAnimation":"walkback","index":0}
{"pos":{"x":-0.6785128116607666,"y":0.3363037407398224,"z":0.0},"currentAnimation":"walkback","index":0}
{"pos":{"x":-0.6785128116607666,"y":0.40323737263679507,"z":0.0},"currentAnimation":"walkback","index":1}
{"pos":{"x":-0.6785128116607666,"y":0.4701710045337677,"z":0.0},"currentAnimation":"walkback","index":1}
{"pos":{"x":-0.6785128116607666,"y":0.5371045470237732,"z":0.0},"currentAnimation":"walkback","index":2}
{"pos":{"x":-0.6785128116607666,"y":0.6040381789207459,"z":0.0},"currentAnimation":"walkback","index":2}
{"pos":{"x":-0.6785128116607666,"y":0.6709718108177185,"z":0.0},"currentAnimation":"walkback","index":0}
{"pos":{"x":-0.6785128116607666,"y":0.7379054427146912,"z":0.0},"currentAnimation":"walkback","index":0}
{"pos":{"x":-0.6785128116607666,"y":0.8048390746116638,"z":0.0},"currentAnimation":"walkback","index":0}
{"pos":{"x":-0.6785128116607666,"y":0.8717727065086365,"z":0.0},"currentAnimation":"walkback","index":1}
{"pos":{"x":-0.6785128116607666,"y":0.9387063384056091,"z":0.0},"currentAnimation":"walkback","index":1}
{"pos":{"x":-0.6785128116607666,"y":1.0056400299072266,"z":0.0},"currentAnimation":"walkback","index":2}
{"pos":{"x":-0.6785128116607666,"y":1.0725736618041993,"z":0.0},"currentAnimation":"walkback","index":2}
{"pos":{"x":-0.6785128116607666,"y":1.1395072937011719,"z":0.0},"currentAnimation":"walkback","index":0}
{"pos":{"x":-0.6785128116607666,"y":1.2064409255981446,"z":0.0},"currentAnimation":"walkback","index":0}
{"pos":{"x":-0.6562016010284424,"y":1.2287521362304688,"z":0.0},"currentAnimation":"walkRight","index":0}
{"pos":{"x":-0.5892679691314697,"y":1.2287521362304688,"z":0.0},"currentAnimation":"walkRight","index":0}
{"pos":{"x":-0.5223343372344971,"y":1.2287521362304688,"z":0.0},"currentAnimation":"walkRight","index":0}
{"pos":{"x":-0.4554007053375244,"y":1.2287521362304688,"z":0.0},"currentAnimation":"walkRight","index":1}
{"pos":{"x":-0.39962267875671389,"y":1.2287521362304688,"z":0.0},"currentAnimation":"walkRight","index":1}
{"pos":{"x":-0.38846707344055178,"y":1.2845301628112794,"z":0.0},"currentAnimation":"walkback","index":0}
{"pos":{"x":-0.38846707344055178,"y":1.351463794708252,"z":0.0},"currentAnimation":"walkback","index":0}
{"pos":{"x":-0.36615586280822756,"y":1.3960862159729005,"z":0.0},"currentAnimation":"walkRight","index":0}
{"pos":{"x":-0.2992222309112549,"y":1.3960862159729005,"z":0.0},"currentAnimation":"walkRight","index":0}
{"pos":{"x":-0.23228859901428224,"y":1.3960862159729005,"z":0.0},"currentAnimation":"walkRight","index":1}
{"pos":{"x":-0.23228859901428224,"y":1.4741754531860352,"z":0.0},"currentAnimation":"walkback","index":0}
{"pos":{"x":-0.23228859901428224,"y":1.5299534797668458,"z":0.0},"currentAnimation":"walkback","index":0}
{"pos":{"x":-0.1988217830657959,"y":1.563420295715332,"z":0.0},"currentAnimation":"walkRight","index":0}
{"pos":{"x":-0.12073259055614472,"y":1.563420295715332,"z":0.0},"currentAnimation":"walkRight","index":0}
{"pos":{"x":-0.05379899591207504,"y":1.563420295715332,"z":0.0},"currentAnimation":"walkRight","index":1}
{"pos":{"x":0.0019789934158325197,"y":1.563420295715332,"z":0.0},"currentAnimation":"walkRight","index":1}
{"pos":{"x":0.0800682082772255,"y":1.563420295715332,"z":0.0},"currentAnimation":"walkRight","index":1}
{"pos":{"x":0.13584622740745545,"y":1.563420295715332,"z":0.0},"currentAnimation":"walkRight","index":2}
{"pos":{"x":0.14700183272361756,"y":1.4964866638183594,"z":0.0},"currentAnimation":"walkfront","index":0}
{"pos":{"x":0.14700183272361756,"y":1.4407086372375489,"z":0.0},"currentAnimation":"walkfront","index":0}
{"pos":{"x":0.15815743803977967,"y":1.3849306106567383,"z":0.0},"currentAnimation":"walkRight","index":0}
{"pos":{"x":0.22509106993675233,"y":1.3849306106567383,"z":0.0},"currentAnimation":"walkRight","index":0}
{"pos":{"x":0.23624667525291444,"y":1.3849306106567383,"z":0.0},"currentAnimation":"walkRight","index":0}
{"pos":{"x":0.23624667525291444,"y":1.3849306106567383,"z":0.0},"currentAnimation":"walkRight","index":0}
{"pos":{"x":0.23624667525291444,"y":1.3849306106567383,"z":0.0},"currentAnimation":"walkRight","index":0}
{"pos":{"x":0.23624667525291444,"y":1.3849306106567383,"z":0.0},"currentAnimation":"walkRight","index":0}
{"pos":{"x":0.23624667525291444,"y":1.3849306106567383,"z":0.0},"currentAnimation":"nodright","index":0}
{"pos":{"x":0.23624667525291444,"y":1.3849306106567383,"z":0.0},"currentAnimation":"nodright","index":0}
{"pos":{"x":0.23624667525291444,"y":1.3849306106567383,"z":0.0},"currentAnimation":"nodright","index":1}
{"pos":{"x":0.23624667525291444,"y":1.3849306106567383,"z":0.0},"currentAnimation":"nodright","index":1}
{"pos":{"x":0.23624667525291444,"y":1.3849306106567383,"z":0.0},"currentAnimation":"nodright","index":0}
{"pos":{"x":0.23624667525291444,"y":1.3849306106567383,"z":0.0},"currentAnimation":"nodright","index":0}
{"pos":{"x":0.23624667525291444,"y":1.3849306106567383,"z":0.0},"currentAnimation":"nodright","index":1}
{"pos":{"x":0.23624667525291444,"y":1.3849306106567383,"z":0.0},"currentAnimation":"nodright","index":1}
{"pos":{"x":0.23624667525291444,"y":1.3849306106567383,"z":0.0},"currentAnimation":"nodright","index":1}
{"pos":{"x":0.23624667525291444,"y":1.3849306106567383,"z":0.0},"currentAnimation":"nodright","index":0}
{"pos":{"x":0.23624667525291444,"y":1.3849306106567383,"z":0.0},"currentAnimation":"nodright","index":0}
{"pos":{"x":0.23624667525291444,"y":1.3849306106567383,"z":0.0},"currentAnimation":"nodright","index":0}
{"pos":{"x":0.23624667525291444,"y":1.4295530319213868,"z":0.0},"currentAnimation":"walkback","index":0}
{"pos":{"x":0.23624667525291444,"y":1.4964866638183594,"z":0.0},"currentAnimation":"walkback","index":0}
{"pos":{"x":0.2027798593044281,"y":1.5299534797668458,"z":0.0},"currentAnimation":"walkback",